review_text,sentiment_score,length,verified_purchase,helpful_votes,is_spam
Subscribe now and get rich quick! #0,0.4043931974736502,36,1,2,1
"Cheap material, broke within a week. #1",0.5345939615911653,39,1,8,0
"Five stars, will buy again! #2",0.647323986580114,30,1,3,0
"Waste of money, avoid at all costs. #3",0.7657482860198499,38,0,6,0
Absolutely love this product! #4,0.40979477627691874,32,0,1,0
Exceeded my expectations in every way. #5,0.41439614885825965,41,0,3,0
Absolutely love this product! #6,0.45536555180542615,32,0,2,0
"Cheap material, broke within a week. #7",0.7058321654939255,39,0,1,0
Does not match the description. #8,0.511408336935792,34,0,2,0
Absolutely love this product! #9,0.9331759482782382,32,1,3,0
Click here to win a free iPhone! #10,0.4677983667610598,36,1,4,1
"Waste of money, avoid at all costs. #11",0.8526971214835489,39,0,2,0
Customer support was very helpful. #12,0.32139389961829623,38,0,2,0
Product stopped working after two days. #13,0.22203058678854948,43,0,3,0
"Cheap material, broke within a week. #14",0.47971422136396874,40,1,5,0
Absolutely love this product! #15,0.7278773861032325,33,0,3,0
"Waste of money, avoid at all costs. #16",0.40460412213545244,39,0,3,0
Absolutely love this product! #17,0.3766926145743489,33,0,2,0
Customer support was very helpful. #18,0.7050029392229911,38,1,1,0
Fast delivery and amazing quality. #19,0.6410199473809475,38,1,3,0
Congratulations! You've won a gift card. #20,0.34151696966002376,44,0,4,1
Product stopped working after two days. #21,0.32982273999444195,43,1,2,0
"Terrible service, not recommended. #22",0.6658584222683763,38,1,1,0
"Waste of money, avoid at all costs. #23",0.17362588337340368,39,1,5,0
Does not match the description. #24,0.7159047032100339,35,0,2,0
"Five stars, will buy again! #25",0.6383657582623471,31,0,2,0
"Five stars, will buy again! #26",0.04381757835843203,31,1,5,0
Fast delivery and amazing quality. #27,0.5031136549625207,38,1,1,0
"Five stars, will buy again! #28",0.10422636797198076,31,1,3,0
"Cheap material, broke within a week. #29",0.2589821667272491,40,0,6,0
Earn $5000 working from home. Click now! #30,0.3994057978186744,44,1,4,1
"Five stars, will buy again! #31",0.2464422871476692,31,1,6,0
Exceeded my expectations in every way. #32,0.9436321810888451,42,0,0,0
Fast delivery and amazing quality. #33,0.6728116107228358,38,1,3,0
Does not match the description. #34,0.7734878086326121,35,1,5,0
Does not match the description. #35,0.47194269833036334,35,0,3,0
"Cheap material, broke within a week. #36",0.5060934813608008,40,1,4,0
Fast delivery and amazing quality. #37,0.8161454084797033,38,1,1,0
Absolutely love this product! #38,0.5867464788056038,33,1,7,0
"Five stars, will buy again! #39",0.6224483602895552,31,1,2,0
Check out this unbelievable offer! #40,0.3177640829712802,38,0,4,1
Fast delivery and amazing quality. #41,0.31683763916489505,38,0,4,0
"Terrible service, not recommended. #42",0.5522079965173814,38,0,1,0
Absolutely love this product! #43,0.5745938674419149,33,1,3,0
"Cheap material, broke within a week. #44",0.3005817751469309,40,0,3,0
Fast delivery and amazing quality. #45,0.571691393245571,38,0,6,0
Exceeded my expectations in every way. #46,0.2556660795513571,42,1,4,0
"Terrible service, not recommended. #47",0.5027660399447395,38,0,3,0
Product stopped working after two days. #48,0.21250254089856574,43,1,3,0
"Terrible service, not recommended. #49",0.7655981176367903,38,1,3,0
Get followers instantly! Click here! #50,0.43775557627304423,40,1,3,1
Customer support was very helpful. #51,0.36128629809639423,38,0,4,0
Fast delivery and amazing quality. #52,0.2708523433895897,38,0,3,0
"Five stars, will buy again! #53",0.251602928010368,31,1,1,0
"Waste of money, avoid at all costs. #54",0.5872820477374749,39,0,4,0
"Five stars, will buy again! #55",0.7007603779271065,31,1,5,0
Exceeded my expectations in every way. #56,0.6807465568596821,42,0,5,0
Absolutely love this product! #57,0.7793183125044496,33,0,3,0
"Cheap material, broke within a week. #58",0.8496360916138519,40,0,3,0
Fast delivery and amazing quality. #59,0.6915853730672475,38,0,5,0
Earn $5000 working from home. Click now! #60,0.3994214282473335,44,0,3,1
"Five stars, will buy again! #61",0.5338962094841226,31,1,2,0
Customer support was very helpful. #62,0.04860692310466069,38,0,3,0
Does not match the description. #63,0.6275160275563624,35,0,1,0
Does not match the description. #64,0.5298531020786595,35,0,4,0
"Cheap material, broke within a week. #65",0.8190456091806895,40,0,5,0
Product stopped working after two days. #66,0.35132814767487697,43,0,3,0
Fast delivery and amazing quality. #67,0.6031031268030186,38,1,3,0
Absolutely love this product! #68,0.2993311872507826,33,1,1,0
"Terrible service, not recommended. #69",0.477993315148058,38,1,2,0
Earn $5000 working from home. Click now! #70,0.17294682280202622,44,0,2,1
Product stopped working after two days. #71,0.7712092693262884,43,0,6,0
Customer support was very helpful. #72,0.7105298777295521,38,1,5,0
Exceeded my expectations in every way. #73,0.4054631223126016,42,1,4,0
Fast delivery and amazing quality. #74,0.5523670641143075,38,1,6,0
Does not match the description. #75,0.5076971056681854,35,1,4,0
Does not match the description. #76,0.37752124305573714,35,0,1,0
"Terrible service, not recommended. #77",0.5246387322729595,38,1,6,0
Fast delivery and amazing quality. #78,0.41144568866276066,38,0,2,0
Fast delivery and amazing quality. #79,0.6960677340435527,38,1,2,0
Earn $5000 working from home. Click now! #80,0.45783833509875776,44,0,3,1
"Cheap material, broke within a week. #81",0.9781070954291717,40,0,5,0
"Waste of money, avoid at all costs. #82",0.48443044369113525,39,0,3,0
"Terrible service, not recommended. #83",0.5225541490170136,38,1,3,0
Does not match the description. #84,0.6056317043423366,35,0,1,0
"Cheap material, broke within a week. #85",0.6674102008471046,40,0,2,0
Fast delivery and amazing quality. #86,0.5155948923637464,38,1,3,0
Absolutely love this product! #87,0.6012758997389325,33,1,1,0
"Five stars, will buy again! #88",0.5365607928340254,31,1,1,0
Exceeded my expectations in every way. #89,0.3442834708507686,42,1,4,0
Click to claim your free rewards! #90,0.29036994004397265,37,1,2,1
Absolutely love this product! #91,0.6398495244304121,33,1,4,0
"Five stars, will buy again! #92",0.803446205002049,31,0,4,0
Fast delivery and amazing quality. #93,0.1738093573415389,38,0,1,0
"Five stars, will buy again! #94",0.21308752430642053,31,1,3,0
Does not match the description. #95,0.21115573594865183,35,1,3,0
"Cheap material, broke within a week. #96",0.6550289101222861,40,0,1,0
Absolutely love this product! #97,0.6717205913248998,33,0,3,0
Absolutely love this product! #98,0.30473213614904593,33,0,2,0
Fast delivery and amazing quality. #99,0.9411572705354796,38,1,5,0
"Limited time deal, don’t miss out! #100",0.4230066942383102,39,0,5,1
"Five stars, will buy again! #101",0.7871289440198437,32,0,6,0
Does not match the description. #102,0.6617081516644386,36,1,3,0
Customer support was very helpful. #103,0.308379837267561,39,1,2,0
Absolutely love this product! #104,0.41639346106297226,34,1,1,0
Fast delivery and amazing quality. #105,0.32551656947612384,39,0,2,0
Does not match the description. #106,0.23113614047868236,36,1,1,0
Exceeded my expectations in every way. #107,0.4493557446766813,43,0,3,0
Exceeded my expectations in every way. #108,0.26027996960741184,43,0,4,0
Absolutely love this product! #109,0.46501052780082175,34,1,4,0
Earn $5000 working from home. Click now! #110,0.8865913381505321,45,0,1,1
Customer support was very helpful. #111,0.6393376315907782,39,1,1,0
Does not match the description. #112,0.3885740222803184,36,1,5,0
Exceeded my expectations in every way. #113,0.372255335894717,43,1,3,0
"Waste of money, avoid at all costs. #114",0.4197759387658181,40,1,0,0
"Terrible service, not recommended. #115",0.9142265187521537,39,0,8,0
Absolutely love this product! #116,0.282329109785399,34,1,2,0
Exceeded my expectations in every way. #117,0.4996461954281517,43,0,5,0
"Terrible service, not recommended. #118",0.5930725847463658,39,0,3,0
Product stopped working after two days. #119,0.7430977443249567,44,1,2,0
Get followers instantly! Click here! #120,0.43346584029743984,41,0,7,1
Absolutely love this product! #121,0.3074648611821026,34,1,0,0
"Waste of money, avoid at all costs. #122",0.5579001444934258,40,1,3,0
Absolutely love this product! #123,0.7629327461950755,34,1,4,0
"Five stars, will buy again! #124",0.44542333944807444,32,0,4,0
Fast delivery and amazing quality. #125,0.33211643786805645,39,1,4,0
"Cheap material, broke within a week. #126",0.5220413758468249,41,1,8,0
"Waste of money, avoid at all costs. #127",0.17528258287303228,40,0,4,0
Exceeded my expectations in every way. #128,0.45626822854964694,43,1,2,0
Fast delivery and amazing quality. #129,0.7356051366384576,39,1,1,0
Click to claim your free rewards! #130,0.6749693654239315,38,1,2,1
"Waste of money, avoid at all costs. #131",0.47122714522171605,40,1,0,0
Fast delivery and amazing quality. #132,0.8318658786229136,39,1,4,0
Product stopped working after two days. #133,0.8819749735817994,44,1,3,0
Absolutely love this product! #134,0.6328172457540444,34,0,1,0
"Cheap material, broke within a week. #135",0.2064457318689486,41,1,3,0
Fast delivery and amazing quality. #136,0.1240176589255999,39,1,6,0
Absolutely love this product! #137,0.7766980328875045,34,1,4,0
Fast delivery and amazing quality. #138,0.5489455836320034,39,1,1,0
"Cheap material, broke within a week. #139",0.8271108356697794,41,0,1,0
Click here to win a free iPhone! #140,0.23226345169089918,37,1,3,1
"Waste of money, avoid at all costs. #141",0.4677629523561366,40,0,3,0
Does not match the description. #142,0.7058381180407161,36,1,7,0
Absolutely love this product! #143,0.3540425025022947,34,1,5,0
"Cheap material, broke within a week. #144",0.702957011931504,41,0,7,0
Product stopped working after two days. #145,0.47544409454413233,44,0,3,0
"Waste of money, avoid at all costs. #146",0.5056121612767825,40,1,2,0
"Terrible service, not recommended. #147",0.2632734206771006,39,1,4,0
Does not match the description. #148,0.5502772077715032,36,1,2,0
Customer support was very helpful. #149,0.9385579364528748,39,1,6,0
Congratulations! You've won a gift card. #150,0.5776043610597261,45,1,3,1
"Waste of money, avoid at all costs. #151",0.3416551452221809,40,1,1,0
"Terrible service, not recommended. #152",0.7791083160156103,39,0,2,0
"Five stars, will buy again! #153",0.3476856945814144,32,1,6,0
"Cheap material, broke within a week. #154",0.8442206478277396,41,1,4,0
Fast delivery and amazing quality. #155,0.24500817432357086,39,1,3,0
Customer support was very helpful. #156,0.554541681458256,39,0,4,0
"Terrible service, not recommended. #157",0.8052624991372298,39,0,3,0
Customer support was very helpful. #158,0.326636174281171,39,0,4,0
Absolutely love this product! #159,0.5166320166798594,34,1,2,0
Subscribe now and get rich quick! #160,0.7314578484708074,38,0,7,1
"Waste of money, avoid at all costs. #161",0.04889580553366235,40,1,3,0
Does not match the description. #162,0.6853767501109953,36,1,4,0
"Five stars, will buy again! #163",0.4824147018165717,32,1,6,0
"Five stars, will buy again! #164",0.788390830712487,32,1,4,0
"Cheap material, broke within a week. #165",0.3345005428907299,41,1,2,0
Fast delivery and amazing quality. #166,0.22264482746168496,39,1,6,0
"Waste of money, avoid at all costs. #167",0.39139270101407136,40,1,2,0
Absolutely love this product! #168,0.38721670607715786,34,0,3,0
"Terrible service, not recommended. #169",0.45870280470678715,39,0,2,0
Click to claim your free rewards! #170,0.4062840580899367,38,0,4,1
Product stopped working after two days. #171,0.09842028524718649,44,1,6,0
Product stopped working after two days. #172,0.48100872609937584,44,0,2,0
Product stopped working after two days. #173,0.546359341904926,44,1,2,0
Does not match the description. #174,0.46135151150820725,36,0,6,0
"Cheap material, broke within a week. #175",0.5573656490003753,41,0,2,0
Product stopped working after two days. #176,0.5169896156733258,44,1,1,0
"Cheap material, broke within a week. #177",0.22360128976504917,41,0,6,0
Does not match the description. #178,0.4398294502074919,36,1,4,0
Product stopped working after two days. #179,0.5227799837806368,44,0,4,0
Click to claim your free rewards! #180,0.4525658737748135,38,0,2,1
Fast delivery and amazing quality. #181,0.20144197587427787,39,0,1,0
Customer support was very helpful. #182,0.7446225890136606,39,1,4,0
"Five stars, will buy again! #183",0.30556886932103156,32,1,5,0
Does not match the description. #184,0.25156068107562013,36,0,5,0
Fast delivery and amazing quality. #185,0.508163713277887,39,0,2,0
"Terrible service, not recommended. #186",0.43684863255616224,39,1,2,0
Fast delivery and amazing quality. #187,0.6202883187221215,39,0,3,0
"Cheap material, broke within a week. #188",0.6745307871259095,41,0,7,0
Does not match the description. #189,0.6441129703576098,36,1,3,0
Click to claim your free rewards! #190,0.49964339794951446,38,0,5,1
Fast delivery and amazing quality. #191,0.6106594848802662,39,0,4,0
Absolutely love this product! #192,0.18799738094038337,34,1,2,0
"Cheap material, broke within a week. #193",0.7188721714561565,41,1,0,0
Product stopped working after two days. #194,0.4190340717843337,44,1,4,0
Product stopped working after two days. #195,0.893987582412983,44,1,0,0
Customer support was very helpful. #196,0.7249599953955778,39,0,1,0
"Cheap material, broke within a week. #197",0.46054288339811217,41,1,1,0
"Five stars, will buy again! #198",0.504282125680858,32,1,6,0
"Five stars, will buy again! #199",0.7368123228816964,32,0,2,0
Earn $5000 working from home. Click now! #200,0.04797623402611584,45,1,7,1
"Cheap material, broke within a week. #201",0.46795384330689616,41,1,4,0
"Cheap material, broke within a week. #202",0.8402847480880741,41,0,6,0
"Five stars, will buy again! #203",0.6689707180050086,32,1,5,0
Fast delivery and amazing quality. #204,0.3324572250255884,39,1,1,0
Does not match the description. #205,0.5628949222241494,36,0,4,0
"Waste of money, avoid at all costs. #206",0.3046613609054417,40,1,3,0
Exceeded my expectations in every way. #207,0.43170662542767213,43,1,5,0
Fast delivery and amazing quality. #208,0.5667675238154727,39,0,1,0
Does not match the description. #209,0.6019650363214638,36,0,3,0
Get followers instantly! Click here! #210,0.6458837448423067,41,1,5,1
"Terrible service, not recommended. #211",0.746757455391921,39,1,3,0
Fast delivery and amazing quality. #212,0.26125475114484836,39,1,0,0
Customer support was very helpful. #213,0.5048042055499689,39,0,2,0
Does not match the description. #214,0.329930580405154,36,1,2,0
Customer support was very helpful. #215,0.4202287205778211,39,1,3,0
Customer support was very helpful. #216,0.3491124780392478,39,0,4,0
Customer support was very helpful. #217,0.5998806973235398,39,1,4,0
"Five stars, will buy again! #218",0.7106038419879889,32,1,3,0
"Five stars, will buy again! #219",0.7214028447964812,32,1,0,0
Click to claim your free rewards! #220,0.2789653837961889,38,0,2,1
"Cheap material, broke within a week. #221",0.4753403907162003,41,0,2,0
"Cheap material, broke within a week. #222",0.2734196214516333,41,1,9,0
"Five stars, will buy again! #223",0.26675435440092843,32,1,3,0
Fast delivery and amazing quality. #224,0.3676537251455849,39,0,5,0
"Waste of money, avoid at all costs. #225",0.568659538184831,40,1,3,0
Does not match the description. #226,0.6037830085691291,36,0,4,0
"Waste of money, avoid at all costs. #227",0.6308459012993475,40,0,2,0
"Terrible service, not recommended. #228",0.618471681560895,39,0,0,0
Customer support was very helpful. #229,0.3304298052618469,39,0,1,0
Visit our website for amazing deals! #230,0.7365518038439045,41,0,0,1
Fast delivery and amazing quality. #231,0.6606560071943484,39,1,2,0
"Five stars, will buy again! #232",0.41746196806382435,32,0,5,0
"Five stars, will buy again! #233",0.42501606558988503,32,1,3,0
Exceeded my expectations in every way. #234,0.3684916832273465,43,1,3,0
Product stopped working after two days. #235,0.2416313464978378,44,1,2,0
"Cheap material, broke within a week. #236",0.6332049711089878,41,0,1,0
"Waste of money, avoid at all costs. #237",0.6644123568612034,40,1,3,0
"Cheap material, broke within a week. #238",0.31478950762414704,41,1,2,0
Product stopped working after two days. #239,0.2536282577856045,44,1,2,0
Get followers instantly! Click here! #240,0.31269264259473795,41,0,3,1
"Cheap material, broke within a week. #241",0.5220489264238358,41,1,1,0
Absolutely love this product! #242,0.22360452506546857,34,0,0,0
"Waste of money, avoid at all costs. #243",0.7255619959914499,40,0,3,0
Fast delivery and amazing quality. #244,0.7135915488516587,39,1,3,0
"Terrible service, not recommended. #245",0.5848689887722804,39,1,5,0
Absolutely love this product! #246,0.6619471499589589,34,0,2,0
Product stopped working after two days. #247,0.5117510775878168,44,0,3,0
Product stopped working after two days. #248,0.5930307989653838,44,1,3,0
"Terrible service, not recommended. #249",0.23996355133805852,39,1,2,0
"Limited time deal, don’t miss out! #250",0.7780958954409296,39,1,6,1
"Five stars, will buy again! #251",0.4025294121579881,32,1,5,0
"Cheap material, broke within a week. #252",0.47423983424214905,41,1,3,0
Exceeded my expectations in every way. #253,0.9974401534784685,43,0,1,0
Does not match the description. #254,0.4559985101788248,36,0,3,0
"Terrible service, not recommended. #255",0.6478803630046409,39,0,4,0
Product stopped working after two days. #256,0.6029064932683615,44,0,2,0
"Cheap material, broke within a week. #257",0.2334362739321238,41,0,2,0
"Terrible service, not recommended. #258",0.30005138967095857,39,1,3,0
Absolutely love this product! #259,0.9071777287001509,34,0,2,0
Visit our website for amazing deals! #260,0.6158325885022868,41,1,1,1
Absolutely love this product! #261,0.49662499885512934,34,0,1,0
Absolutely love this product! #262,0.3928703854944551,34,0,3,0
Does not match the description. #263,0.564015512435414,36,1,3,0
Exceeded my expectations in every way. #264,0.5830295465859672,43,0,3,0
"Five stars, will buy again! #265",0.5453043080483336,32,0,0,0
Exceeded my expectations in every way. #266,0.7137921161969337,43,0,4,0
Exceeded my expectations in every way. #267,0.32662828356639284,43,0,3,0
Does not match the description. #268,0.29985971264409017,36,1,5,0
Product stopped working after two days. #269,0.7086140983940721,44,0,8,0
Subscribe now and get rich quick! #270,0.922537477428782,38,0,3,1
Customer support was very helpful. #271,0.6685184885377631,39,0,2,0
Does not match the description. #272,0.7595507423574483,36,0,5,0
"Waste of money, avoid at all costs. #273",0.48503187277468174,40,0,3,0
Does not match the description. #274,0.553223004972429,36,0,0,0
"Terrible service, not recommended. #275",0.5505312691397848,39,0,4,0
Absolutely love this product! #276,0.488914670449107,34,0,1,0
Fast delivery and amazing quality. #277,0.7822593731919278,39,1,1,0
Customer support was very helpful. #278,0.7231694549873293,39,1,2,0
Customer support was very helpful. #279,0.42015315614057974,39,1,1,0
Click to claim your free rewards! #280,0.17088458821345143,38,0,3,1
Customer support was very helpful. #281,0.4872851445589465,39,0,5,0
"Terrible service, not recommended. #282",0.26906956301928336,39,1,4,0
Fast delivery and amazing quality. #283,0.5047350112660535,39,1,3,0
"Terrible service, not recommended. #284",0.28482681490220674,39,1,3,0
"Terrible service, not recommended. #285",0.7513033272011401,39,1,4,0
Fast delivery and amazing quality. #286,0.6368845440087452,39,0,3,0
Absolutely love this product! #287,0.632026315890168,34,1,3,0
Exceeded my expectations in every way. #288,0.7144371674860537,43,0,2,0
"Terrible service, not recommended. #289",0.5782214488481799,39,1,3,0
Click to claim your free rewards! #290,0.6093603576677177,38,0,4,1
Product stopped working after two days. #291,0.7869397465922775,44,0,2,0
"Five stars, will buy again! #292",0.4730969744353435,32,0,8,0
Product stopped working after two days. #293,0.6210230669077887,44,0,2,0
"Cheap material, broke within a week. #294",0.2893722980200848,41,1,1,0
"Cheap material, broke within a week. #295",0.5158553830873541,41,0,8,0
Customer support was very helpful. #296,0.9518567440546439,39,0,2,0
Customer support was very helpful. #297,0.6629650759576223,39,1,3,0
Customer support was very helpful. #298,0.48280113687093734,39,1,1,0
Absolutely love this product! #299,0.5529081231472337,34,1,3,0
Check out this unbelievable offer! #300,0.49580034873314477,39,1,6,1
Fast delivery and amazing quality. #301,0.5463401239556711,39,0,3,0
Does not match the description. #302,0.42019862995427176,36,1,2,0
"Cheap material, broke within a week. #303",0.5989742400403247,41,0,2,0
Does not match the description. #304,0.6060619872495919,36,1,2,0
"Waste of money, avoid at all costs. #305",0.5013276020762211,40,0,4,0
Fast delivery and amazing quality. #306,0.5280118612232496,39,1,3,0
Fast delivery and amazing quality. #307,0.5681535351454875,39,1,1,0
"Cheap material, broke within a week. #308",0.39455139445287746,41,1,5,0
Does not match the description. #309,0.5970540668696409,36,1,2,0
Earn $5000 working from home. Click now! #310,0.6560315434513325,45,0,3,1
"Waste of money, avoid at all costs. #311",0.7929732213009635,40,1,3,0
Fast delivery and amazing quality. #312,0.563674490011726,39,0,5,0
"Waste of money, avoid at all costs. #313",0.3888728223647968,40,0,4,0
"Waste of money, avoid at all costs. #314",0.47941254830418023,40,1,6,0
Does not match the description. #315,0.2714071892162885,36,1,4,0
Exceeded my expectations in every way. #316,0.6454705164537721,43,0,1,0
Customer support was very helpful. #317,0.08805495462429414,39,0,4,0
Absolutely love this product! #318,0.704931038056887,34,0,2,0
Customer support was very helpful. #319,0.729064853139779,39,0,2,0
"Act fast, limited time scam offer! #320",0.0,39,0,5,1
Exceeded my expectations in every way. #321,0.7550561986436262,43,1,2,0
Product stopped working after two days. #322,0.705457233947937,44,1,2,0
Exceeded my expectations in every way. #323,0.4419896433431566,43,0,1,0
Product stopped working after two days. #324,0.26163686180273843,44,1,4,0
Product stopped working after two days. #325,0.3324481800275631,44,0,2,0
"Five stars, will buy again! #326",0.34829644072344057,32,1,4,0
"Five stars, will buy again! #327",0.7632111920419256,32,0,0,0
Absolutely love this product! #328,0.4101919614535039,34,1,3,0
"Terrible service, not recommended. #329",0.6810646192150571,39,1,6,0
Congratulations! You've won a gift card. #330,0.4751878644127421,45,0,3,1
"Cheap material, broke within a week. #331",0.5110151276629423,41,1,1,0
Fast delivery and amazing quality. #332,0.18572088110340518,39,0,4,0
Fast delivery and amazing quality. #333,0.2705859708617493,39,0,0,0
"Waste of money, avoid at all costs. #334",0.7586195042482184,40,1,2,0
"Waste of money, avoid at all costs. #335",0.4688554957065315,40,0,4,0
Fast delivery and amazing quality. #336,0.5601318897771934,39,1,1,0
Absolutely love this product! #337,0.8612714318745114,34,1,3,0
Product stopped working after two days. #338,0.474474764269903,44,0,5,0
"Cheap material, broke within a week. #339",0.4631508042291905,41,1,2,0
Click here to win a free iPhone! #340,0.7412171774799514,37,0,1,1
Absolutely love this product! #341,0.5024699379971433,34,0,5,0
Exceeded my expectations in every way. #342,0.5640014053855948,43,1,1,0
"Cheap material, broke within a week. #343",0.6993632579077642,41,0,2,0
Absolutely love this product! #344,0.500022928754072,34,1,2,0
Customer support was very helpful. #345,0.6575176946722235,39,1,2,0
Fast delivery and amazing quality. #346,0.4768307455303494,39,0,2,0
Does not match the description. #347,0.6962278307143369,36,1,1,0
"Five stars, will buy again! #348",0.5842654139031201,32,0,2,0
Exceeded my expectations in every way. #349,0.45491920125222374,43,0,3,0
Click to claim your free rewards! #350,0.514849916450173,38,0,3,1
Absolutely love this product! #351,0.01113350389154738,34,0,0,0
Customer support was very helpful. #352,0.7387547316527167,39,1,5,0
Product stopped working after two days. #353,0.24907310300322588,44,0,7,0
Product stopped working after two days. #354,0.28617646786023576,44,0,3,0
Absolutely love this product! #355,0.4123962876413824,34,0,1,0
Product stopped working after two days. #356,0.14140988454316128,44,1,3,0
Absolutely love this product! #357,0.5935232559888491,34,1,1,0
Product stopped working after two days. #358,0.5722028009362515,44,0,3,0
"Five stars, will buy again! #359",0.40269219308873716,32,1,3,0
Earn $5000 working from home. Click now! #360,0.3643920273698852,45,1,1,1
Exceeded my expectations in every way. #361,0.3613206926131317,43,0,5,0
"Waste of money, avoid at all costs. #362",0.6229596820720104,40,0,4,0
Absolutely love this product! #363,0.18125482880897925,34,1,0,0
Absolutely love this product! #364,0.4182001641546805,34,1,3,0
Product stopped working after two days. #365,0.19411445599346205,44,1,1,0
Absolutely love this product! #366,0.6537488909223246,34,0,11,0
"Five stars, will buy again! #367",0.4327555171580938,32,1,0,0
Absolutely love this product! #368,0.6093498707928247,34,1,4,0
"Cheap material, broke within a week. #369",0.7499075278705372,41,1,3,0
Click to claim your free rewards! #370,0.7532854075253786,38,1,3,1
Customer support was very helpful. #371,0.29557974120717245,39,0,0,0
Does not match the description. #372,0.5618919992006911,36,0,1,0
"Cheap material, broke within a week. #373",0.7242788039940605,41,0,4,0
"Cheap material, broke within a week. #374",0.6392952928335963,41,1,7,0
"Waste of money, avoid at all costs. #375",0.6590660543577103,40,0,1,0
Absolutely love this product! #376,0.14333530296228475,34,1,0,0
"Cheap material, broke within a week. #377",0.6362293929130987,41,1,2,0
"Five stars, will buy again! #378",0.341413740726233,32,0,4,0
Customer support was very helpful. #379,0.6329372100524336,39,1,2,0
Click to claim your free rewards! #380,0.6285615977685945,38,1,3,1
Exceeded my expectations in every way. #381,0.6179834465687329,43,1,3,0
Does not match the description. #382,0.47787017031383305,36,0,1,0
Exceeded my expectations in every way. #383,0.7632182720485483,43,0,3,0
"Cheap material, broke within a week. #384",0.6020616012526868,41,0,2,0
Absolutely love this product! #385,0.5643031892455113,34,0,4,0
Product stopped working after two days. #386,0.31311782979234426,44,0,4,0
"Cheap material, broke within a week. #387",0.5792182009719544,41,0,2,0
Fast delivery and amazing quality. #388,0.895742136847604,39,0,1,0
"Waste of money, avoid at all costs. #389",0.22196350292174338,40,0,3,0
Click here to win a free iPhone! #390,0.6460212195998999,37,0,2,1
Fast delivery and amazing quality. #391,0.6712478639197881,39,0,5,0
Customer support was very helpful. #392,0.8451038809128997,39,1,3,0
Absolutely love this product! #393,0.6451480150540574,34,0,3,0
Fast delivery and amazing quality. #394,0.5021357726470023,39,1,7,0
Fast delivery and amazing quality. #395,0.5845223146628252,39,1,4,0
Exceeded my expectations in every way. #396,0.44638884631458947,43,0,2,0
"Cheap material, broke within a week. #397",0.7438515978193294,41,0,4,0
Exceeded my expectations in every way. #398,0.19020406766615822,43,1,3,0
Does not match the description. #399,0.402425765036766,36,0,3,0
Click here to win a free iPhone! #400,0.5892311475924534,37,0,6,1
"Cheap material, broke within a week. #401",0.734186155719083,41,1,2,0
Exceeded my expectations in every way. #402,0.49724331760265394,43,0,0,0
"Waste of money, avoid at all costs. #403",0.3435325057867161,40,0,3,0
"Five stars, will buy again! #404",0.4578254493621138,32,1,3,0
Does not match the description. #405,0.4266076810943663,36,1,1,0
Fast delivery and amazing quality. #406,0.43580496612016173,39,1,3,0
Fast delivery and amazing quality. #407,0.41296424546024335,39,0,0,0
Fast delivery and amazing quality. #408,0.413051387361535,39,1,2,0
Product stopped working after two days. #409,0.15681218548955345,44,0,4,0
"Limited time deal, don’t miss out! #410",0.5600307483053952,39,0,6,1
"Waste of money, avoid at all costs. #411",0.6349467110617548,40,0,3,0
"Five stars, will buy again! #412",0.7996789914837701,32,1,3,0
Exceeded my expectations in every way. #413,0.6720801913511106,43,0,0,0
"Waste of money, avoid at all costs. #414",0.6618720144021002,40,0,7,0
Absolutely love this product! #415,0.5592024106276288,34,1,3,0
Fast delivery and amazing quality. #416,0.14748956279167197,39,1,4,0
"Waste of money, avoid at all costs. #417",0.5560282243457768,40,0,5,0
Product stopped working after two days. #418,0.522475336325579,44,1,2,0
Absolutely love this product! #419,0.7059746681025164,34,0,0,0
"Limited time deal, don’t miss out! #420",0.6134957268274555,39,0,1,1
"Waste of money, avoid at all costs. #421",0.47402547137652207,40,0,1,0
"Five stars, will buy again! #422",0.8916304453825428,32,1,2,0
"Terrible service, not recommended. #423",0.6696912912940127,39,1,2,0
"Waste of money, avoid at all costs. #424",0.567972926656941,40,0,3,0
Absolutely love this product! #425,0.5910627575660674,34,0,2,0
"Terrible service, not recommended. #426",0.5122364414288492,39,0,3,0
Exceeded my expectations in every way. #427,0.5033008910622258,43,0,3,0
Customer support was very helpful. #428,0.0659561999395788,39,1,6,0
Absolutely love this product! #429,0.31698324987782667,34,1,4,0
Earn $5000 working from home. Click now! #430,0.39181455428102624,45,1,4,1
"Five stars, will buy again! #431",0.5901268679853613,32,1,1,0
"Cheap material, broke within a week. #432",0.16966330230180077,41,1,0,0
Does not match the description. #433,0.3957665265983704,36,0,4,0
"Waste of money, avoid at all costs. #434",0.3701363989767167,40,1,2,0
Product stopped working after two days. #435,0.5233509635676968,44,0,7,0
Exceeded my expectations in every way. #436,0.5906246217420971,43,0,3,0
Absolutely love this product! #437,0.3708375094483999,34,1,1,0
"Waste of money, avoid at all costs. #438",0.38521291746344344,40,1,1,0
"Terrible service, not recommended. #439",0.36394083298814117,39,0,4,0
Click to claim your free rewards! #440,0.42197436180531,38,0,3,1
Customer support was very helpful. #441,0.4897708736356731,39,0,4,0
Does not match the description. #442,0.7630250670450198,36,1,3,0
Product stopped working after two days. #443,0.2975012059592772,44,1,2,0
Customer support was very helpful. #444,0.8501682143300056,39,1,0,0
Absolutely love this product! #445,0.2532364396451944,34,1,1,0
"Terrible service, not recommended. #446",0.6909284244212827,39,0,3,0
Does not match the description. #447,0.4048408110582788,36,1,3,0
"Terrible service, not recommended. #448",0.31780836491134434,39,0,3,0
"Cheap material, broke within a week. #449",0.7633759676936964,41,1,1,0
Click to claim your free rewards! #450,0.5163505492928978,38,1,6,1
"Five stars, will buy again! #451",0.5086973857207605,32,1,2,0
Does not match the description. #452,0.4445848223888098,36,0,2,0
Does not match the description. #453,0.3837074881479149,36,0,5,0
Product stopped working after two days. #454,0.4646308271416635,44,1,4,0
"Waste of money, avoid at all costs. #455",0.0,40,0,4,0
Absolutely love this product! #456,0.12926175364606385,34,0,2,0
"Five stars, will buy again! #457",0.5784636438009068,32,1,8,0
Product stopped working after two days. #458,0.7365554740944167,44,1,5,0
Does not match the description. #459,0.7727113088551458,36,0,5,0
Click here to win a free iPhone! #460,0.30860030293194696,37,1,7,1
"Cheap material, broke within a week. #461",0.5385643100723866,41,0,2,0
"Cheap material, broke within a week. #462",0.06130497892300113,41,0,2,0
"Terrible service, not recommended. #463",0.42972210641704167,39,1,3,0
Exceeded my expectations in every way. #464,0.6647384477685536,43,0,6,0
Fast delivery and amazing quality. #465,0.49650053086897883,39,1,2,0
Absolutely love this product! #466,0.4336504415800123,34,0,6,0
Absolutely love this product! #467,0.4973422104254708,34,0,6,0
"Five stars, will buy again! #468",0.7565695106092043,32,0,4,0
Does not match the description. #469,0.45105966865428543,36,0,5,0
Check out this unbelievable offer! #470,0.5145288426086612,39,0,4,1
"Terrible service, not recommended. #471",0.8038789193882684,39,0,2,0
"Cheap material, broke within a week. #472",0.45433562172911046,41,1,2,0
Customer support was very helpful. #473,0.17269536472004687,39,0,6,0
Product stopped working after two days. #474,0.773681603711735,44,0,5,0
Absolutely love this product! #475,0.7031189619502209,34,0,2,0
"Five stars, will buy again! #476",0.05666689679729808,32,1,2,0
Fast delivery and amazing quality. #477,0.4739629623035661,39,0,4,0
Absolutely love this product! #478,0.49556746307382915,34,0,3,0
Does not match the description. #479,0.7737301573799829,36,0,3,0
Click to claim your free rewards! #480,0.4971236636980791,38,1,6,1
Fast delivery and amazing quality. #481,0.5331836342192083,39,1,3,0
"Five stars, will buy again! #482",0.5393972099978823,32,1,4,0
Does not match the description. #483,0.406781919152978,36,0,4,0
Product stopped working after two days. #484,0.7594460707023576,44,0,4,0
Exceeded my expectations in every way. #485,0.3415464028072573,43,0,4,0
"Terrible service, not recommended. #486",0.4029103732039647,39,1,5,0
Does not match the description. #487,0.498812714706239,36,0,0,0
Fast delivery and amazing quality. #488,0.2323894198930163,39,1,3,0
Fast delivery and amazing quality. #489,0.853081842694636,39,1,1,0
Congratulations! You've won a gift card. #490,0.49982888008599247,45,0,3,1
"Cheap material, broke within a week. #491",0.6649214583844055,41,0,10,0
"Waste of money, avoid at all costs. #492",0.3085026283510801,40,1,3,0
Customer support was very helpful. #493,0.6423468735999625,39,0,3,0
Does not match the description. #494,0.6593188605445881,36,1,2,0
Customer support was very helpful. #495,0.6881738476546593,39,1,2,0
Exceeded my expectations in every way. #496,0.8809999680820495,43,0,1,0
Does not match the description. #497,0.38835261328316967,36,0,4,0
Absolutely love this product! #498,0.4626704124516822,34,0,4,0
"Waste of money, avoid at all costs. #499",0.33095019926858693,40,0,5,0
"Limited time deal, don’t miss out! #500",0.48075435430336183,39,0,6,1
"Waste of money, avoid at all costs. #501",0.6328233707488905,40,0,2,0
"Cheap material, broke within a week. #502",0.6220472012009327,41,0,2,0
Fast delivery and amazing quality. #503,0.8281504516545515,39,1,2,0
Product stopped working after two days. #504,0.5980394283692572,44,0,2,0
Fast delivery and amazing quality. #505,0.500112371093842,39,0,1,0
"Terrible service, not recommended. #506",0.2816501141551328,39,0,2,0
Customer support was very helpful. #507,0.6732640729647525,39,0,4,0
Fast delivery and amazing quality. #508,0.4687007218856619,39,1,4,0
Exceeded my expectations in every way. #509,0.677808354346873,43,0,3,0
Check out this unbelievable offer! #510,0.4150456731766347,39,1,2,1
Fast delivery and amazing quality. #511,0.7401415502367373,39,1,2,0
"Cheap material, broke within a week. #512",0.5772633935916973,41,1,2,0
Absolutely love this product! #513,0.6984504251510605,34,1,1,0
Does not match the description. #514,0.577162540641728,36,1,2,0
"Terrible service, not recommended. #515",0.3149327257122946,39,0,3,0
Absolutely love this product! #516,0.4269245128286686,34,1,2,0
Fast delivery and amazing quality. #517,0.2439168393166818,39,1,3,0
"Five stars, will buy again! #518",0.5369291713986512,32,0,5,0
Product stopped working after two days. #519,0.20747320942019504,44,1,5,0
Subscribe now and get rich quick! #520,0.5587752423700293,38,0,1,1
Product stopped working after two days. #521,0.0,44,0,3,0
Fast delivery and amazing quality. #522,0.6619866030233542,39,0,6,0
Customer support was very helpful. #523,0.27926614580656195,39,0,3,0
"Five stars, will buy again! #524",0.30921677160081584,32,1,3,0
"Five stars, will buy again! #525",0.7743745172991405,32,1,1,0
"Waste of money, avoid at all costs. #526",0.5639567081119343,40,1,2,0
"Cheap material, broke within a week. #527",0.6692670435991768,41,0,0,0
"Waste of money, avoid at all costs. #528",0.2989330188280497,40,0,2,0
"Cheap material, broke within a week. #529",0.6923791797380479,41,0,4,0
Subscribe now and get rich quick! #530,0.47250724605219746,38,1,5,1
"Five stars, will buy again! #531",0.5235247968149686,32,0,6,0
Absolutely love this product! #532,0.7980593783338596,34,1,6,0
Does not match the description. #533,0.26742093675043976,36,1,6,0
"Cheap material, broke within a week. #534",0.6826071969292524,41,0,3,0
Exceeded my expectations in every way. #535,0.5770820353864096,43,0,3,0
Does not match the description. #536,0.4573819196132678,36,0,5,0
"Terrible service, not recommended. #537",0.2811729201592589,39,0,2,0
Absolutely love this product! #538,0.4551363070218915,34,0,4,0
Absolutely love this product! #539,0.3363295075829861,34,1,4,0
"Act fast, limited time scam offer! #540",0.737370758100975,39,1,4,1
Customer support was very helpful. #541,0.518351665351104,39,0,5,0
"Five stars, will buy again! #542",0.36460594178774053,32,0,4,0
Fast delivery and amazing quality. #543,0.2124794927776889,39,0,6,0
Exceeded my expectations in every way. #544,0.40739074799498964,43,1,3,0
"Cheap material, broke within a week. #545",0.7472470247853078,41,1,0,0
Does not match the description. #546,0.5222864665448623,36,1,2,0
Fast delivery and amazing quality. #547,0.46396176206721984,39,1,5,0
Fast delivery and amazing quality. #548,0.8397376307567184,39,0,1,0
"Terrible service, not recommended. #549",0.4170907771424426,39,1,2,0
Get followers instantly! Click here! #550,0.3383360922804952,41,1,7,1
Does not match the description. #551,0.5808179228433827,36,0,2,0
Absolutely love this product! #552,0.5839130631976606,34,0,5,0
Customer support was very helpful. #553,0.3826422385057844,39,1,4,0
"Five stars, will buy again! #554",0.34046692619051133,32,0,2,0
Does not match the description. #555,0.7894140603469428,36,0,2,0
Product stopped working after two days. #556,0.41340281823736086,44,0,1,0
Exceeded my expectations in every way. #557,0.20962527662536612,43,1,0,0
"Five stars, will buy again! #558",0.5385739352996264,32,1,2,0
Customer support was very helpful. #559,0.678918296513846,39,0,3,0
Check out this unbelievable offer! #560,0.4618782928481559,39,0,3,1
"Five stars, will buy again! #561",0.6074254417474607,32,1,2,0
Customer support was very helpful. #562,0.29053282113268425,39,1,3,0
Product stopped working after two days. #563,0.6256518935774821,44,0,2,0
"Terrible service, not recommended. #564",0.3089569059007451,39,0,5,0
"Five stars, will buy again! #565",0.561034636625789,32,1,2,0
"Five stars, will buy again! #566",0.6535338977528735,32,0,3,0
Absolutely love this product! #567,0.5197407936830676,34,1,1,0
"Waste of money, avoid at all costs. #568",0.2529104335754294,40,0,4,0
Does not match the description. #569,0.2615843470848366,36,1,0,0
Earn $5000 working from home. Click now! #570,0.8186242113020066,45,0,1,1
Fast delivery and amazing quality. #571,0.3463717213013623,39,1,6,0
"Terrible service, not recommended. #572",0.6530247947887412,39,0,3,0
"Waste of money, avoid at all costs. #573",0.5236751770664774,40,0,4,0
Absolutely love this product! #574,0.29919182779595455,34,0,5,0
"Terrible service, not recommended. #575",0.3934484921077561,39,0,8,0
Exceeded my expectations in every way. #576,0.839966602752757,43,1,7,0
"Waste of money, avoid at all costs. #577",1.0,40,0,3,0
"Waste of money, avoid at all costs. #578",0.43653753342280055,40,1,3,0
"Terrible service, not recommended. #579",0.42272435191256047,39,1,1,0
Subscribe now and get rich quick! #580,0.17234081715952143,38,0,7,1
"Waste of money, avoid at all costs. #581",0.17001692159444926,40,1,8,0
"Terrible service, not recommended. #582",0.3285496199098119,39,0,1,0
Absolutely love this product! #583,0.41099930349245306,34,1,5,0
Does not match the description. #584,0.4949116369042236,36,0,3,0
Absolutely love this product! #585,0.6380267553444878,34,0,5,0
"Waste of money, avoid at all costs. #586",0.5441752452173052,40,1,2,0
Absolutely love this product! #587,0.6413416940404617,34,1,3,0
Does not match the description. #588,0.37721022811995164,36,0,4,0
Product stopped working after two days. #589,0.48584151496305594,44,1,6,0
"Limited time deal, don’t miss out! #590",0.42718001796805927,39,0,1,1
Product stopped working after two days. #591,0.24665585957368508,44,0,7,0
"Cheap material, broke within a week. #592",0.10519760899080355,41,1,3,0
Absolutely love this product! #593,0.3661714498665333,34,0,4,0
Exceeded my expectations in every way. #594,0.003805086539679703,43,1,6,0
Does not match the description. #595,0.2734246264305178,36,0,2,0
Absolutely love this product! #596,0.6090338922444487,34,0,0,0
Does not match the description. #597,0.5360324293132966,36,0,1,0
Product stopped working after two days. #598,0.5042808090801616,44,1,4,0
Exceeded my expectations in every way. #599,0.7361052582463443,43,0,3,0
"Act fast, limited time scam offer! #600",0.3543051968230496,39,0,3,1
Exceeded my expectations in every way. #601,0.6363907762619644,43,1,4,0
Exceeded my expectations in every way. #602,0.33857733168758497,43,0,5,0
Customer support was very helpful. #603,0.5554906515311842,39,1,1,0
Does not match the description. #604,0.5307097108520342,36,1,7,0
"Waste of money, avoid at all costs. #605",0.5415039275432243,40,1,6,0
Absolutely love this product! #606,0.42265909174491123,34,0,2,0
Fast delivery and amazing quality. #607,0.5638643772145875,39,1,3,0
"Five stars, will buy again! #608",0.5795011890181955,32,0,4,0
"Waste of money, avoid at all costs. #609",0.21386949725575227,40,1,1,0
Get followers instantly! Click here! #610,0.6696992137800122,41,0,4,1
"Cheap material, broke within a week. #611",0.2528167249526793,41,1,7,0
"Five stars, will buy again! #612",0.3245297992381456,32,1,1,0
Exceeded my expectations in every way. #613,0.5483938336110808,43,1,3,0
Product stopped working after two days. #614,0.6195827014797877,44,0,1,0
"Cheap material, broke within a week. #615",0.5440062008138786,41,1,4,0
Customer support was very helpful. #616,0.5651120814218646,39,0,4,0
"Terrible service, not recommended. #617",0.27266247671076915,39,0,2,0
Fast delivery and amazing quality. #618,0.3952650623888969,39,0,6,0
"Terrible service, not recommended. #619",0.08992557672785795,39,0,3,0
Click here to win a free iPhone! #620,0.3162429382244464,37,0,4,1
Absolutely love this product! #621,0.23167620485092055,34,0,2,0
"Five stars, will buy again! #622",0.5026642039046529,32,1,5,0
"Five stars, will buy again! #623",0.9712257925354805,32,1,3,0
Fast delivery and amazing quality. #624,0.6520241618110882,39,0,4,0
Does not match the description. #625,0.05102794668214922,36,0,3,0
Absolutely love this product! #626,0.19647251904271795,34,1,3,0
Does not match the description. #627,0.24023423638023705,36,1,6,0
"Terrible service, not recommended. #628",0.1489668240020039,39,0,1,0
Product stopped working after two days. #629,0.4435044578433549,44,1,4,0
Get followers instantly! Click here! #630,0.5457511160434363,41,0,1,1
Exceeded my expectations in every way. #631,0.24140372955296246,43,1,1,0
Exceeded my expectations in every way. #632,0.45539117734030643,43,1,4,0
Product stopped working after two days. #633,0.5440426370289605,44,1,3,0
Fast delivery and amazing quality. #634,0.6397951636689534,39,1,1,0
"Terrible service, not recommended. #635",0.5312210704964411,39,1,2,0
"Waste of money, avoid at all costs. #636",0.5660802222011571,40,0,2,0
Does not match the description. #637,0.4925178703652275,36,0,2,0
Fast delivery and amazing quality. #638,0.2971603859639905,39,1,3,0
"Cheap material, broke within a week. #639",0.3408974612610268,41,0,4,0
Check out this unbelievable offer! #640,0.2354406495521616,39,0,7,1
"Five stars, will buy again! #641",0.7997384634656537,32,1,2,0
Product stopped working after two days. #642,0.20615188385192562,44,0,7,0
Exceeded my expectations in every way. #643,0.6904175541636549,43,0,0,0
Customer support was very helpful. #644,0.20810102079473064,39,1,3,0
Fast delivery and amazing quality. #645,0.6534878254002379,39,0,6,0
"Five stars, will buy again! #646",0.6944256263800187,32,1,2,0
Exceeded my expectations in every way. #647,0.7303971131694912,43,1,1,0
"Waste of money, avoid at all costs. #648",0.2917067110116737,40,0,2,0
Product stopped working after two days. #649,0.5328557528668569,44,1,6,0
"Limited time deal, don’t miss out! #650",0.37987133259146705,39,0,3,1
Does not match the description. #651,0.3226775624949102,36,0,2,0
"Five stars, will buy again! #652",0.5087710195399484,32,1,6,0
Fast delivery and amazing quality. #653,0.6627785627077993,39,0,3,0
"Five stars, will buy again! #654",0.3809700443467103,32,0,1,0
"Terrible service, not recommended. #655",0.5658342044530001,39,0,3,0
Product stopped working after two days. #656,0.3184500098887786,44,0,4,0
Customer support was very helpful. #657,0.29135131816512316,39,0,5,0
"Waste of money, avoid at all costs. #658",0.435119416010377,40,0,5,0
Product stopped working after two days. #659,0.4471052431806179,44,0,1,0
Get followers instantly! Click here! #660,0.6335563121192374,41,1,2,1
"Terrible service, not recommended. #661",0.24969504915693114,39,0,7,0
Absolutely love this product! #662,0.9317269831670144,34,1,3,0
"Terrible service, not recommended. #663",0.14154675884322804,39,1,3,0
Product stopped working after two days. #664,0.5456133735306382,44,0,2,0
Fast delivery and amazing quality. #665,0.4429848514188502,39,1,2,0
"Cheap material, broke within a week. #666",0.37033176317120103,41,1,2,0
"Waste of money, avoid at all costs. #667",0.4649736488721313,40,1,4,0
"Terrible service, not recommended. #668",0.6344335164504697,39,0,6,0
"Cheap material, broke within a week. #669",0.665502842946242,41,1,10,0
"Act fast, limited time scam offer! #670",0.45648726274882584,39,1,3,1
Absolutely love this product! #671,0.566357606341922,34,1,3,0
Customer support was very helpful. #672,0.23394152873705265,39,1,2,0
Exceeded my expectations in every way. #673,0.4631461053907786,43,1,2,0
Does not match the description. #674,0.5788747690784894,36,1,6,0
Absolutely love this product! #675,0.04339792551502608,34,0,1,0
Absolutely love this product! #676,0.5161830451054241,34,1,4,0
Product stopped working after two days. #677,0.46635894187357707,44,1,6,0
Customer support was very helpful. #678,0.7539627867619494,39,0,2,0
"Waste of money, avoid at all costs. #679",0.5334233198449951,40,0,3,0
"Act fast, limited time scam offer! #680",0.5959656743038979,39,1,1,1
Fast delivery and amazing quality. #681,0.44569776337922296,39,1,5,0
Customer support was very helpful. #682,0.6264096954242112,39,0,1,0
Customer support was very helpful. #683,0.6124577835800822,39,1,3,0
Exceeded my expectations in every way. #684,0.23867839466937307,43,1,3,0
"Terrible service, not recommended. #685",0.5621952690028446,39,0,4,0
"Cheap material, broke within a week. #686",0.7364480779716898,41,1,2,0
Product stopped working after two days. #687,0.6967583503906413,44,0,2,0
Does not match the description. #688,0.5054744957386418,36,1,4,0
Customer support was very helpful. #689,0.5643378740160598,39,1,0,0
Congratulations! You've won a gift card. #690,0.6829816407113538,45,0,3,1
Customer support was very helpful. #691,0.27222900653859994,39,0,3,0
Fast delivery and amazing quality. #692,0.5948766077963386,39,1,7,0
Absolutely love this product! #693,0.10581778226806282,34,1,3,0
"Five stars, will buy again! #694",0.6724712328940032,32,1,2,0
Customer support was very helpful. #695,0.42304879935785766,39,0,2,0
Customer support was very helpful. #696,0.4827085158853992,39,0,1,0
Fast delivery and amazing quality. #697,0.388926348635424,39,0,1,0
"Cheap material, broke within a week. #698",0.49179042965962544,41,0,3,0
"Waste of money, avoid at all costs. #699",0.5510766730770664,40,0,2,0
Click to claim your free rewards! #700,0.6508627937573115,38,0,3,1
Product stopped working after two days. #701,0.7599001534013174,44,1,6,0
"Waste of money, avoid at all costs. #702",0.5097097089362072,40,0,2,0
Customer support was very helpful. #703,0.16768195233166477,39,0,3,0
Absolutely love this product! #704,0.7611292736232386,34,0,2,0
Fast delivery and amazing quality. #705,0.2056041445941142,39,0,3,0
Does not match the description. #706,0.41554865565571963,36,1,1,0
Customer support was very helpful. #707,0.4019286806950634,39,0,1,0
Customer support was very helpful. #708,0.5023115845542838,39,1,1,0
Product stopped working after two days. #709,0.24730307898777865,44,0,1,0
Check out this unbelievable offer! #710,0.23759022458525686,39,1,3,1
Customer support was very helpful. #711,0.4956958010834686,39,0,6,0
Product stopped working after two days. #712,0.3404418891358221,44,0,5,0
"Waste of money, avoid at all costs. #713",0.7692187104886548,40,0,3,0
"Five stars, will buy again! #714",0.3898239913590008,32,0,3,0
"Terrible service, not recommended. #715",0.2943356435919663,39,1,4,0
Fast delivery and amazing quality. #716,0.8343671717488779,39,1,2,0
Fast delivery and amazing quality. #717,0.5939872466158791,39,0,3,0
"Waste of money, avoid at all costs. #718",1.0,40,0,5,0
"Cheap material, broke within a week. #719",0.11553716250543339,41,1,6,0
Click here to win a free iPhone! #720,0.5415531757983807,37,1,1,1
Absolutely love this product! #721,0.597122516029904,34,1,4,0
"Waste of money, avoid at all costs. #722",0.5055645771255528,40,0,3,0
Customer support was very helpful. #723,0.4275998922018992,39,1,4,0
Product stopped working after two days. #724,0.7491236624436428,44,0,2,0
Customer support was very helpful. #725,0.5932795498495225,39,0,5,0
"Five stars, will buy again! #726",0.1621518154034599,32,1,1,0
Does not match the description. #727,0.32612634995374756,36,0,4,0
Absolutely love this product! #728,0.2671990179993293,34,0,5,0
"Terrible service, not recommended. #729",0.4757683901618579,39,1,1,0
"Act fast, limited time scam offer! #730",0.6897730490893682,39,0,1,1
"Cheap material, broke within a week. #731",0.4241508184457481,41,1,4,0
Absolutely love this product! #732,0.44937568474283746,34,1,1,0
"Five stars, will buy again! #733",0.30419557408484055,32,1,4,0
Fast delivery and amazing quality. #734,0.6522684713587025,39,0,3,0
"Waste of money, avoid at all costs. #735",0.7465295008763688,40,1,4,0
"Cheap material, broke within a week. #736",0.4935114676212826,41,1,5,0
Customer support was very helpful. #737,0.8160037524647733,39,0,4,0
Does not match the description. #738,0.3911837377964838,36,0,3,0
"Terrible service, not recommended. #739",0.22060348113112183,39,1,5,0
Earn $5000 working from home. Click now! #740,0.6608737059875873,45,0,6,1
Customer support was very helpful. #741,0.48082573874749396,39,0,4,0
Does not match the description. #742,0.38375216059477113,36,0,2,0
Exceeded my expectations in every way. #743,0.5153342411229437,43,0,1,0
"Terrible service, not recommended. #744",0.18312331466666482,39,0,1,0
"Five stars, will buy again! #745",0.15038650561724282,32,1,1,0
"Waste of money, avoid at all costs. #746",0.5185127107244557,40,1,2,0
Fast delivery and amazing quality. #747,0.5868724979679132,39,1,2,0
Customer support was very helpful. #748,0.7787716945938699,39,0,3,0
Customer support was very helpful. #749,0.6773277442227478,39,0,5,0
Click here to win a free iPhone! #750,0.627072892234281,37,1,4,1
"Waste of money, avoid at all costs. #751",0.7540866711329547,40,1,2,0
"Terrible service, not recommended. #752",0.5979790212819287,39,1,4,0
Exceeded my expectations in every way. #753,0.4311596804669991,43,0,3,0
Exceeded my expectations in every way. #754,0.6824773147284551,43,1,1,0
Product stopped working after two days. #755,0.6751209861643835,44,0,2,0
Does not match the description. #756,0.4984368165818842,36,1,1,0
Product stopped working after two days. #757,0.26003876519022195,44,1,3,0
Exceeded my expectations in every way. #758,0.14298610817070684,43,0,4,0
"Five stars, will buy again! #759",0.6684795402214904,32,0,7,0
"Limited time deal, don’t miss out! #760",0.5957348735173046,39,1,4,1
Fast delivery and amazing quality. #761,0.6238197662023809,39,1,2,0
Exceeded my expectations in every way. #762,0.6759477348439771,43,1,2,0
Fast delivery and amazing quality. #763,0.32019537725504765,39,0,3,0
Customer support was very helpful. #764,0.12466097830781286,39,0,3,0
Customer support was very helpful. #765,0.603171065605066,39,1,1,0
Product stopped working after two days. #766,0.7395483873254342,44,1,3,0
Exceeded my expectations in every way. #767,0.570371885889315,43,1,3,0
Absolutely love this product! #768,0.20272933961868533,34,0,3,0
"Five stars, will buy again! #769",0.5481379644587756,32,1,3,0
Check out this unbelievable offer! #770,0.2750506938271242,39,1,3,1
Exceeded my expectations in every way. #771,0.1915167592222662,43,0,5,0
"Waste of money, avoid at all costs. #772",0.4984664395903864,40,1,3,0
Customer support was very helpful. #773,0.5324997020498178,39,1,2,0
Product stopped working after two days. #774,0.4802755791331685,44,0,4,0
"Waste of money, avoid at all costs. #775",0.5876273144282915,40,0,3,0
Absolutely love this product! #776,0.3418801557737461,34,1,1,0
Fast delivery and amazing quality. #777,0.517136222328121,39,0,1,0
"Five stars, will buy again! #778",0.40292973784288577,32,0,4,0
Customer support was very helpful. #779,0.4496621018461893,39,0,3,0
"Act fast, limited time scam offer! #780",0.5536825159705813,39,0,2,1
"Five stars, will buy again! #781",0.7119276441288708,32,0,5,0
"Five stars, will buy again! #782",0.5584592025227999,32,0,7,0
Does not match the description. #783,0.624801826422564,36,0,1,0
"Terrible service, not recommended. #784",0.5020450948505492,39,1,4,0
Exceeded my expectations in every way. #785,0.5975230734555813,43,0,2,0
Customer support was very helpful. #786,0.7067594383028143,39,0,3,0
"Five stars, will buy again! #787",0.8758375770146262,32,0,2,0
Product stopped working after two days. #788,0.7421551043869593,44,0,0,0
"Terrible service, not recommended. #789",0.4889830490765842,39,1,3,0
Click to claim your free rewards! #790,0.7289332314551343,38,1,4,1
"Five stars, will buy again! #791",0.6098083622695464,32,0,0,0
Fast delivery and amazing quality. #792,0.37855791140084405,39,1,0,0
"Five stars, will buy again! #793",0.6125621939900175,32,1,1,0
Product stopped working after two days. #794,0.2742607332786248,44,1,3,0
Exceeded my expectations in every way. #795,0.6128602702283814,43,1,1,0
Absolutely love this product! #796,0.8503592434141201,34,1,2,0
Product stopped working after two days. #797,0.6645230739947297,44,0,5,0
Fast delivery and amazing quality. #798,0.739323547200964,39,0,3,0
"Five stars, will buy again! #799",0.42436126297854176,32,0,5,0
Visit our website for amazing deals! #800,0.5961765307867655,41,1,3,1
"Waste of money, avoid at all costs. #801",0.6396328843501782,40,0,5,0
Does not match the description. #802,0.43896754001140353,36,1,4,0
"Waste of money, avoid at all costs. #803",0.6367418300804988,40,0,7,0
"Waste of money, avoid at all costs. #804",0.5909377903907274,40,0,2,0
Customer support was very helpful. #805,0.6389632285846187,39,0,4,0
"Waste of money, avoid at all costs. #806",0.2939848235037824,40,0,2,0
"Waste of money, avoid at all costs. #807",0.755219765763564,40,1,3,0
Customer support was very helpful. #808,0.5901285873447928,39,0,2,0
Absolutely love this product! #809,0.4763727220121948,34,0,1,0
Earn $5000 working from home. Click now! #810,0.481197551179815,45,1,8,1
"Terrible service, not recommended. #811",0.49223474226878083,39,1,2,0
Customer support was very helpful. #812,0.3342146741961257,39,0,1,0
Absolutely love this product! #813,0.7378320025689513,34,0,5,0
Does not match the description. #814,0.6926218024086918,36,1,3,0
Fast delivery and amazing quality. #815,0.7060657464500308,39,1,1,0
Fast delivery and amazing quality. #816,0.802638336864042,39,0,1,0
"Waste of money, avoid at all costs. #817",0.5379555227852769,40,1,3,0
Product stopped working after two days. #818,0.1688530979004091,44,1,5,0
"Waste of money, avoid at all costs. #819",0.6257742508905006,40,0,1,0
Visit our website for amazing deals! #820,0.6183249446569318,41,0,1,1
"Cheap material, broke within a week. #821",0.8107666284591359,41,0,4,0
"Terrible service, not recommended. #822",0.7164168394306065,39,1,5,0
Absolutely love this product! #823,0.5267968447886645,34,0,5,0
"Five stars, will buy again! #824",0.4711376135166471,32,0,6,0
Customer support was very helpful. #825,0.700727375673823,39,0,4,0
"Five stars, will buy again! #826",0.0,32,1,0,0
"Terrible service, not recommended. #827",0.5482799932535819,39,0,2,0
"Terrible service, not recommended. #828",0.6891321325641168,39,0,3,0
"Five stars, will buy again! #829",0.47579855935142334,32,1,5,0
Check out this unbelievable offer! #830,0.4235684275895355,39,1,1,1
"Cheap material, broke within a week. #831",0.5589687126305355,41,0,4,0
Does not match the description. #832,0.7698893365076034,36,0,3,0
Fast delivery and amazing quality. #833,0.5902087267491782,39,0,3,0
Customer support was very helpful. #834,0.36459534298385476,39,1,7,0
Product stopped working after two days. #835,0.7433964078410501,44,0,5,0
Exceeded my expectations in every way. #836,0.7823293007839116,43,0,1,0
"Terrible service, not recommended. #837",0.33853411941572,39,1,3,0
Does not match the description. #838,1.0,36,1,5,0
Absolutely love this product! #839,0.4998693852168917,34,0,5,0
Check out this unbelievable offer! #840,0.6896851541436341,39,1,6,1
Product stopped working after two days. #841,0.6454924389064185,44,0,2,0
Exceeded my expectations in every way. #842,0.36039966893791286,43,0,4,0
"Waste of money, avoid at all costs. #843",0.40969479661566366,40,1,6,0
Customer support was very helpful. #844,0.5135415620031905,39,1,1,0
"Cheap material, broke within a week. #845",0.12598778026292518,41,1,1,0
"Terrible service, not recommended. #846",0.6641955123649833,39,1,1,0
"Terrible service, not recommended. #847",0.12085077131748462,39,0,3,0
Does not match the description. #848,0.5029334745371199,36,1,4,0
Product stopped working after two days. #849,0.36565726862451686,44,1,2,0
Visit our website for amazing deals! #850,0.6157618219569112,41,0,2,1
"Cheap material, broke within a week. #851",0.05916532291749621,41,0,3,0
"Five stars, will buy again! #852",0.1675601008552986,32,0,5,0
"Cheap material, broke within a week. #853",0.3806483363961418,41,1,5,0
Customer support was very helpful. #854,0.6037687845880224,39,0,2,0
"Terrible service, not recommended. #855",0.5443196036273482,39,1,5,0
Does not match the description. #856,0.7100563986795528,36,1,1,0
Customer support was very helpful. #857,0.5215799396534873,39,1,1,0
Exceeded my expectations in every way. #858,0.4964516330971244,43,1,4,0
Absolutely love this product! #859,0.2856842118964604,34,0,3,0
"Limited time deal, don’t miss out! #860",0.45532593244262537,39,0,4,1
Absolutely love this product! #861,0.496096912119187,34,0,4,0
"Waste of money, avoid at all costs. #862",0.08904906151342296,40,0,5,0
"Waste of money, avoid at all costs. #863",0.3219561315872316,40,0,0,0
Fast delivery and amazing quality. #864,0.5926712314036595,39,1,6,0
Fast delivery and amazing quality. #865,0.5358986725582493,39,1,3,0
"Cheap material, broke within a week. #866",0.44939853047977807,41,1,4,0
Product stopped working after two days. #867,0.3785118209433572,44,1,1,0
Customer support was very helpful. #868,0.15142240523658806,39,0,1,0
"Terrible service, not recommended. #869",0.06492371359216526,39,1,3,0
Congratulations! You've won a gift card. #870,0.4386624727246447,45,1,6,1
"Waste of money, avoid at all costs. #871",0.7977890120232669,40,1,6,0
Exceeded my expectations in every way. #872,0.5073810677106029,43,1,2,0
Absolutely love this product! #873,0.7042799537763677,34,1,7,0
Exceeded my expectations in every way. #874,0.26466251568898935,43,1,1,0
Exceeded my expectations in every way. #875,0.5566298991036838,43,0,2,0
"Cheap material, broke within a week. #876",0.3592626469016005,41,0,4,0
"Terrible service, not recommended. #877",0.3515440628982526,39,1,3,0
"Cheap material, broke within a week. #878",0.6489179206214333,41,1,7,0
"Cheap material, broke within a week. #879",0.47591060092776694,41,1,2,0
Get followers instantly! Click here! #880,0.22289316044216761,41,1,1,1
Absolutely love this product! #881,0.5196059164887337,34,1,1,0
Fast delivery and amazing quality. #882,0.3567662967053247,39,0,6,0
Does not match the description. #883,0.21113395331545648,36,0,1,0
Exceeded my expectations in every way. #884,0.30093008313076874,43,1,1,0
Absolutely love this product! #885,0.9091786591046064,34,0,1,0
"Waste of money, avoid at all costs. #886",0.7424768905779504,40,1,3,0
"Cheap material, broke within a week. #887",0.09709248170286089,41,1,4,0
"Terrible service, not recommended. #888",0.46232683067606895,39,0,2,0
Product stopped working after two days. #889,0.47690342072167374,44,0,3,0
Click here to win a free iPhone! #890,0.4467925497712507,37,0,4,1
Does not match the description. #891,0.3672220988773667,36,0,3,0
"Cheap material, broke within a week. #892",0.6494134637947663,41,1,3,0
Does not match the description. #893,0.6885391334998548,36,0,2,0
Exceeded my expectations in every way. #894,0.7098001402130801,43,0,3,0
Does not match the description. #895,0.5660216020230304,36,0,4,0
Product stopped working after two days. #896,0.6217312677268266,44,1,3,0
Exceeded my expectations in every way. #897,0.4311026470091842,43,1,3,0
Exceeded my expectations in every way. #898,0.1847121612957821,43,1,2,0
Exceeded my expectations in every way. #899,0.17944982250022157,43,0,4,0
Earn $5000 working from home. Click now! #900,0.3296614351157503,45,0,4,1
"Five stars, will buy again! #901",0.45988543342165367,32,0,2,0
"Waste of money, avoid at all costs. #902",0.2433701909166619,40,1,6,0
"Cheap material, broke within a week. #903",0.2740257966934666,41,0,1,0
Does not match the description. #904,0.4243214614612396,36,0,3,0
"Terrible service, not recommended. #905",0.6728228784099947,39,1,3,0
Product stopped working after two days. #906,0.5668656507067049,44,0,4,0
"Five stars, will buy again! #907",0.3272947873910655,32,0,4,0
Fast delivery and amazing quality. #908,0.5092767115833087,39,0,6,0
"Five stars, will buy again! #909",0.23427128515454793,32,0,1,0
Click to claim your free rewards! #910,0.3272955733970574,38,1,4,1
"Waste of money, avoid at all costs. #911",0.16856472793968647,40,1,2,0
Exceeded my expectations in every way. #912,0.5857676595610563,43,1,4,0
Product stopped working after two days. #913,0.4434385469775747,44,0,5,0
Does not match the description. #914,0.46845551098601984,36,0,4,0
"Waste of money, avoid at all costs. #915",0.66118742489737,40,1,2,0
"Five stars, will buy again! #916",0.30054975310858145,32,0,5,0
Does not match the description. #917,0.5933498468240574,36,1,2,0
Absolutely love this product! #918,0.896984198830765,34,1,5,0
Product stopped working after two days. #919,0.3035772248171264,44,0,1,0
Get followers instantly! Click here! #920,0.18739621974071002,41,1,2,1
Absolutely love this product! #921,0.24843188879893602,34,1,4,0
Does not match the description. #922,0.5777170578065206,36,1,2,0
Does not match the description. #923,0.8492584401320182,36,1,3,0
Fast delivery and amazing quality. #924,0.8410658065795219,39,1,1,0
"Five stars, will buy again! #925",0.6689811845243417,32,1,4,0
Product stopped working after two days. #926,0.6758593051358864,44,0,1,0
"Cheap material, broke within a week. #927",0.5929113802974301,41,1,2,0
"Five stars, will buy again! #928",0.645019945739882,32,1,0,0
Exceeded my expectations in every way. #929,0.5607515898201854,43,0,1,0
"Limited time deal, don’t miss out! #930",0.3400471744424203,39,0,3,1
Does not match the description. #931,0.8426876018101145,36,1,4,0
"Cheap material, broke within a week. #932",0.767086345793917,41,0,0,0
Absolutely love this product! #933,0.34460203314988347,34,0,8,0
"Five stars, will buy again! #934",0.6296958653394492,32,1,3,0
Fast delivery and amazing quality. #935,0.7922484454492389,39,0,3,0
"Five stars, will buy again! #936",0.5837360257728608,32,1,3,0
"Five stars, will buy again! #937",0.4589285552242371,32,1,1,0
Fast delivery and amazing quality. #938,0.7859461452384704,39,1,4,0
"Cheap material, broke within a week. #939",0.5510680200181861,41,1,3,0
Click to claim your free rewards! #940,0.374424492195895,38,0,3,1
"Five stars, will buy again! #941",0.2699662319666415,32,1,3,0
Customer support was very helpful. #942,0.0,39,0,3,0
Absolutely love this product! #943,0.894624933157308,34,0,2,0
Product stopped working after two days. #944,0.3326296873025212,44,1,2,0
Absolutely love this product! #945,0.6927889698159335,34,1,3,0
"Cheap material, broke within a week. #946",0.31592191443287343,41,0,3,0
"Waste of money, avoid at all costs. #947",0.5333919228791587,40,1,5,0
"Five stars, will buy again! #948",0.5899456951012223,32,1,1,0
Exceeded my expectations in every way. #949,0.2521743952195463,43,1,1,0
Earn $5000 working from home. Click now! #950,0.6914073660272446,45,0,3,1
Customer support was very helpful. #951,0.46035241206948746,39,0,2,0
Product stopped working after two days. #952,0.6105289428932617,44,0,4,0
"Five stars, will buy again! #953",0.7909036471202648,32,0,3,0
"Waste of money, avoid at all costs. #954",0.6479245933488165,40,1,3,0
Customer support was very helpful. #955,0.4810346021906002,39,1,1,0
Product stopped working after two days. #956,0.8888097351375803,44,0,2,0
"Five stars, will buy again! #957",0.49106973977427537,32,0,5,0
"Five stars, will buy again! #958",0.5186265914784651,32,0,2,0
Absolutely love this product! #959,0.46727491024538254,34,0,3,0
"Act fast, limited time scam offer! #960",0.2548794098088416,39,0,2,1
"Terrible service, not recommended. #961",0.23284280752302705,39,1,3,0
Does not match the description. #962,0.3891595090094842,36,0,1,0
Absolutely love this product! #963,0.29725336928696766,34,0,4,0
"Cheap material, broke within a week. #964",0.44446596058273874,41,1,2,0
Does not match the description. #965,0.6652323664018587,36,1,3,0
"Terrible service, not recommended. #966",0.41818628273532493,39,1,1,0
"Waste of money, avoid at all costs. #967",0.5439924199630326,40,0,1,0
Product stopped working after two days. #968,0.3988187329138577,44,1,1,0
Customer support was very helpful. #969,1.0,39,0,3,0
Subscribe now and get rich quick! #970,0.801646986316235,38,0,0,1
Customer support was very helpful. #971,0.4504785704164308,39,1,2,0
Product stopped working after two days. #972,0.5544398519507582,44,0,2,0
"Five stars, will buy again! #973",0.23192316298073667,32,0,3,0
"Terrible service, not recommended. #974",0.4571186630502483,39,1,5,0
"Waste of money, avoid at all costs. #975",0.3799237218975328,40,1,3,0
Product stopped working after two days. #976,0.6485780659082347,44,1,5,0
Absolutely love this product! #977,0.313937685770867,34,1,5,0
"Waste of money, avoid at all costs. #978",0.8315481100053919,40,1,1,0
Customer support was very helpful. #979,0.4869143811155625,39,1,5,0
Earn $5000 working from home. Click now! #980,0.326116913689478,45,1,3,1
Customer support was very helpful. #981,0.5064317239130364,39,1,0,0
Absolutely love this product! #982,0.6473550817806335,34,1,4,0
Does not match the description. #983,0.6040803525470715,36,1,2,0
Exceeded my expectations in every way. #984,0.5313147497993473,43,0,6,0
Exceeded my expectations in every way. #985,0.6755262942520535,43,0,1,0
Exceeded my expectations in every way. #986,0.6632980685151861,43,0,2,0
"Terrible service, not recommended. #987",0.6642964878343273,39,1,1,0
"Waste of money, avoid at all costs. #988",0.4448658499016571,40,0,2,0
Product stopped working after two days. #989,0.44347494409039767,44,0,4,0
Click here to win a free iPhone! #990,0.4585312346928008,37,0,5,1
"Waste of money, avoid at all costs. #991",0.40118714282792917,40,0,1,0
Customer support was very helpful. #992,0.521134945056168,39,0,6,0
"Terrible service, not recommended. #993",0.4988754831147479,39,1,7,0
"Terrible service, not recommended. #994",0.8310136683652988,39,1,2,0
Product stopped working after two days. #995,0.3990369269802606,44,1,2,0
"Terrible service, not recommended. #996",0.3026584628571516,39,0,6,0
Absolutely love this product! #997,0.6291469894168543,34,0,4,0
"Terrible service, not recommended. #998",0.5143044088555561,39,1,5,0
"Waste of money, avoid at all costs. #999",0.3627311426702048,40,1,2,0
