comment,like_count,reply_count,account_age_days,is_spam
"Join my crypto course, limited offer! #0",4,0,3540,1
Love your editing style. #1,10,5,2536,0
Your videos are always on point. #2,12,2,3731,0
Can someone explain this part? #3,15,4,980,0
I didn’t expect that ending! #4,11,3,370,0
I didn’t expect that ending! #5,8,1,2774,0
I didn’t expect that ending! #6,10,1,3856,0
I didn’t expect that ending! #7,12,3,2803,0
"Free gifts for subscribers, link below! #8",8,1,150,1
Learned something new today. #9,7,3,604,0
Learned something new today. #10,6,7,1950,0
Your videos are always on point. #11,13,2,1714,0
Learned something new today. #12,17,4,1546,0
I didn’t expect that ending! #13,10,2,2353,0
Subscribed for more videos like this. #14,9,2,998,0
Keep up the great work! #15,9,2,3064,0
"Get free subscribers instantly, click now! #16",10,1,2106,1
Your videos are always on point. #17,9,2,1864,0
"Great video, very informative. #18",9,4,3838,0
Can someone explain this part? #19,13,2,714,0
This deserves more views. #20,11,2,3345,0
Your videos are always on point. #21,17,0,2398,0
Keep up the great work! #22,11,1,672,0
Your videos are always on point. #23,9,3,2429,0
Earn money by clicking this link! #24,15,4,2609,1
Learned something new today. #25,6,3,1134,0
I didn’t expect that ending! #26,12,4,1346,0
Love your editing style. #27,10,3,323,0
I didn’t expect that ending! #28,9,7,1550,0
Can someone explain this part? #29,10,1,2535,0
Can someone explain this part? #30,7,3,776,0
Keep up the great work! #31,4,0,3914,0
Click here to get rich quick! #32,11,3,762,1
Your videos are always on point. #33,9,4,3783,0
"Great video, very informative. #34",8,2,1611,0
"Great video, very informative. #35",8,1,3161,0
Learned something new today. #36,13,3,3709,0
Learned something new today. #37,11,5,3882,0
Subscribed for more videos like this. #38,8,6,2620,0
"Great video, very informative. #39",10,4,2457,0
"Join my crypto course, limited offer! #40",14,0,353,1
Your videos are always on point. #41,10,4,3729,0
Learned something new today. #42,5,2,1115,0
Love your editing style. #43,12,2,3022,0
Keep up the great work! #44,12,2,3247,0
I didn’t expect that ending! #45,9,3,2920,0
Your videos are always on point. #46,9,3,391,0
I didn’t expect that ending! #47,11,4,2130,0
"Get free subscribers instantly, click now! #48",5,1,431,1
Love your editing style. #49,10,1,1616,0
"Great video, very informative. #50",6,2,710,0
Subscribed for more videos like this. #51,12,3,1922,0
Thanks for the helpful content. #52,12,3,1022,0
"Great video, very informative. #53",8,5,2946,0
"Great video, very informative. #54",13,3,2784,0
Learned something new today. #55,11,0,1502,0
Subscribe to my channel and win a prize! #56,7,5,1136,1
Learned something new today. #57,11,1,2456,0
I didn’t expect that ending! #58,13,2,2723,0
This deserves more views. #59,13,5,3559,0
I didn’t expect that ending! #60,12,4,962,0
Subscribed for more videos like this. #61,17,1,1833,0
Keep up the great work! #62,12,4,2057,0
Your videos are always on point. #63,6,10,110,0
Click here to get rich quick! #64,13,3,2808,1
I didn’t expect that ending! #65,12,3,2591,0
Your videos are always on point. #66,11,7,3410,0
"Great video, very informative. #67",14,4,2998,0
Subscribed for more videos like this. #68,11,2,2840,0
Thanks for the helpful content. #69,14,5,2571,0
Keep up the great work! #70,11,3,1289,0
This deserves more views. #71,10,2,3769,0
Click here to get rich quick! #72,13,5,3018,1
"Great video, very informative. #73",12,3,3138,0
Keep up the great work! #74,8,5,770,0
Thanks for the helpful content. #75,6,4,1710,0
Keep up the great work! #76,13,2,354,0
Subscribed for more videos like this. #77,9,3,1109,0
Thanks for the helpful content. #78,13,2,3222,0
Your videos are always on point. #79,13,4,2391,0
"Join my crypto course, limited offer! #80",13,3,1264,1
I didn’t expect that ending! #81,10,2,3873,0
Your videos are always on point. #82,16,3,132,0
Thanks for the helpful content. #83,16,2,2516,0
Subscribed for more videos like this. #84,12,3,846,0
Thanks for the helpful content. #85,11,2,776,0
Learned something new today. #86,7,3,2115,0
Your videos are always on point. #87,12,4,842,0
Subscribe to my channel and win a prize! #88,11,2,3721,1
I didn’t expect that ending! #89,6,0,3515,0
This deserves more views. #90,8,0,1277,0
Love your editing style. #91,10,1,3094,0
Subscribed for more videos like this. #92,3,2,1346,0
Keep up the great work! #93,7,1,1749,0
I didn’t expect that ending! #94,6,1,2232,0
Subscribed for more videos like this. #95,7,4,1085,0
"Get free subscribers instantly, click now! #96",9,0,3335,1
Thanks for the helpful content. #97,5,3,1960,0
Keep up the great work! #98,13,3,2566,0
"Great video, very informative. #99",6,1,1815,0
Thanks for the helpful content. #100,10,2,3671,0
Subscribed for more videos like this. #101,11,2,1386,0
Can someone explain this part? #102,12,0,3776,0
Love your editing style. #103,8,3,3118,0
"Join my crypto course, limited offer! #104",9,3,3515,1
Thanks for the helpful content. #105,11,3,1819,0
Subscribed for more videos like this. #106,11,3,1711,0
Thanks for the helpful content. #107,9,1,1794,0
Your videos are always on point. #108,14,3,2317,0
I didn’t expect that ending! #109,15,4,3387,0
This deserves more views. #110,10,2,2423,0
"Great video, very informative. #111",15,2,1428,0
"Join my crypto course, limited offer! #112",7,7,2093,1
Keep up the great work! #113,11,1,616,0
Keep up the great work! #114,7,10,3027,0
Subscribed for more videos like this. #115,11,1,289,0
I didn’t expect that ending! #116,17,0,1948,0
I didn’t expect that ending! #117,14,3,2438,0
Keep up the great work! #118,9,3,1452,0
Subscribed for more videos like this. #119,8,3,2537,0
"Free gifts for subscribers, link below! #120",10,3,1976,1
Your videos are always on point. #121,13,4,3617,0
Keep up the great work! #122,7,1,3008,0
I didn’t expect that ending! #123,10,3,1816,0
Learned something new today. #124,10,5,3186,0
Subscribed for more videos like this. #125,9,2,3164,0
I didn’t expect that ending! #126,9,3,129,0
Thanks for the helpful content. #127,5,2,3935,0
Don't miss this spam deal! #128,8,1,2832,1
Subscribed for more videos like this. #129,9,2,2372,0
Love your editing style. #130,16,5,3263,0
Can someone explain this part? #131,11,3,958,0
Love your editing style. #132,10,1,3279,0
Learned something new today. #133,7,1,1497,0
Can someone explain this part? #134,14,5,357,0
I didn’t expect that ending! #135,8,2,1381,0
Earn money by clicking this link! #136,14,3,2841,1
Keep up the great work! #137,4,5,1095,0
Subscribed for more videos like this. #138,9,0,2319,0
Can someone explain this part? #139,8,5,1395,0
Learned something new today. #140,5,3,3192,0
Keep up the great work! #141,10,1,3129,0
"Great video, very informative. #142",9,2,488,0
Can someone explain this part? #143,7,3,2744,0
"Get free subscribers instantly, click now! #144",8,4,3732,1
Learned something new today. #145,10,4,1438,0
Your videos are always on point. #146,9,3,1540,0
Love your editing style. #147,7,2,249,0
This deserves more views. #148,10,1,888,0
"Great video, very informative. #149",10,6,2341,0
Keep up the great work! #150,11,5,2198,0
Thanks for the helpful content. #151,10,0,3147,0
"Free gifts for subscribers, link below! #152",15,1,1333,1
This deserves more views. #153,10,3,3216,0
Subscribed for more videos like this. #154,11,5,3269,0
"Great video, very informative. #155",10,1,464,0
"Great video, very informative. #156",11,3,1299,0
Thanks for the helpful content. #157,6,5,2561,0
Thanks for the helpful content. #158,8,1,3476,0
"Great video, very informative. #159",6,3,309,0
"Get free subscribers instantly, click now! #160",10,2,3847,1
Keep up the great work! #161,16,5,3123,0
Love your editing style. #162,9,4,2791,0
Can someone explain this part? #163,9,1,97,0
Love your editing style. #164,8,6,1701,0
Can someone explain this part? #165,7,2,772,0
Subscribed for more videos like this. #166,3,2,3159,0
Thanks for the helpful content. #167,8,4,3628,0
"Buy followers, boost your channel! #168",9,1,1317,1
Can someone explain this part? #169,12,3,2042,0
I didn’t expect that ending! #170,11,3,1735,0
Your videos are always on point. #171,7,3,1476,0
Subscribed for more videos like this. #172,6,3,3099,0
"Great video, very informative. #173",11,4,3600,0
Learned something new today. #174,5,4,320,0
Learned something new today. #175,9,3,2246,0
Subscribe to my channel and win a prize! #176,10,3,3661,1
Keep up the great work! #177,9,4,1515,0
"Great video, very informative. #178",10,3,3709,0
Thanks for the helpful content. #179,8,2,3940,0
Learned something new today. #180,10,3,585,0
Love your editing style. #181,14,3,382,0
Learned something new today. #182,7,2,1293,0
Learned something new today. #183,9,3,1856,0
Earn money by clicking this link! #184,8,3,312,1
"Great video, very informative. #185",8,4,3550,0
Your videos are always on point. #186,12,7,1635,0
Subscribed for more videos like this. #187,12,3,3866,0
Can someone explain this part? #188,13,4,3167,0
"Great video, very informative. #189",12,3,3428,0
Your videos are always on point. #190,12,4,485,0
Learned something new today. #191,11,4,3036,0
"Get free subscribers instantly, click now! #192",9,2,1034,1
Thanks for the helpful content. #193,11,3,2554,0
Can someone explain this part? #194,9,3,1901,0
I didn’t expect that ending! #195,9,1,2362,0
This deserves more views. #196,10,1,2108,0
I didn’t expect that ending! #197,10,2,2525,0
I didn’t expect that ending! #198,10,2,2291,0
"Great video, very informative. #199",16,4,3794,0
Earn money by clicking this link! #200,18,2,1767,1
I didn’t expect that ending! #201,10,2,3681,0
Your videos are always on point. #202,10,3,3126,0
Learned something new today. #203,14,2,3861,0
Your videos are always on point. #204,10,1,3474,0
Can someone explain this part? #205,8,3,2474,0
Can someone explain this part? #206,6,2,366,0
Learned something new today. #207,12,2,3013,0
"Get free subscribers instantly, click now! #208",11,2,997,1
Thanks for the helpful content. #209,9,5,2932,0
Your videos are always on point. #210,12,2,932,0
"Great video, very informative. #211",7,2,701,0
Love your editing style. #212,7,3,1333,0
Love your editing style. #213,8,3,798,0
Subscribed for more videos like this. #214,7,4,2700,0
Can someone explain this part? #215,8,3,2636,0
Click here to get rich quick! #216,10,4,1744,1
Your videos are always on point. #217,12,3,2625,0
Keep up the great work! #218,12,1,3000,0
Learned something new today. #219,11,3,3299,0
Subscribed for more videos like this. #220,12,3,2631,0
Learned something new today. #221,8,1,508,0
Keep up the great work! #222,9,3,873,0
Thanks for the helpful content. #223,9,2,1655,0
"Free gifts for subscribers, link below! #224",7,0,1910,1
This deserves more views. #225,12,0,3681,0
Thanks for the helpful content. #226,12,2,2147,0
Thanks for the helpful content. #227,11,4,534,0
"Great video, very informative. #228",10,2,139,0
Your videos are always on point. #229,9,4,1435,0
Can someone explain this part? #230,11,1,426,0
Subscribed for more videos like this. #231,10,3,3510,0
Check out my channel for giveaways! #232,8,3,380,1
Keep up the great work! #233,10,0,1587,0
Keep up the great work! #234,12,1,3602,0
Can someone explain this part? #235,9,4,3072,0
Keep up the great work! #236,12,3,2866,0
Love your editing style. #237,11,1,3808,0
Can someone explain this part? #238,8,1,2498,0
Learned something new today. #239,14,4,3658,0
Click here to get rich quick! #240,14,3,951,1
I didn’t expect that ending! #241,10,6,2071,0
Subscribed for more videos like this. #242,8,5,140,0
Thanks for the helpful content. #243,13,3,238,0
This deserves more views. #244,10,3,1795,0
This deserves more views. #245,5,2,3540,0
Can someone explain this part? #246,11,2,1231,0
Can someone explain this part? #247,7,1,3008,0
Don't miss this spam deal! #248,5,0,1815,1
Subscribed for more videos like this. #249,11,6,2502,0
Keep up the great work! #250,12,1,2405,0
Learned something new today. #251,6,4,1937,0
I didn’t expect that ending! #252,13,4,40,0
Your videos are always on point. #253,7,1,3353,0
Learned something new today. #254,12,5,885,0
This deserves more views. #255,6,2,1288,0
"Get free subscribers instantly, click now! #256",6,4,3749,1
Learned something new today. #257,11,1,2331,0
Learned something new today. #258,5,3,1619,0
I didn’t expect that ending! #259,5,8,1531,0
"Great video, very informative. #260",10,4,158,0
Learned something new today. #261,11,0,3839,0
Love your editing style. #262,6,4,3633,0
I didn’t expect that ending! #263,12,6,129,0
"Free gifts for subscribers, link below! #264",12,2,319,1
Love your editing style. #265,8,4,1622,0
Can someone explain this part? #266,10,1,3327,0
Keep up the great work! #267,10,1,1706,0
This deserves more views. #268,8,2,1178,0
Keep up the great work! #269,8,2,3539,0
This deserves more views. #270,6,4,1874,0
Subscribed for more videos like this. #271,5,3,3665,0
Earn money by clicking this link! #272,9,1,2723,1
Learned something new today. #273,7,5,1857,0
Keep up the great work! #274,7,6,694,0
I didn’t expect that ending! #275,10,3,1400,0
Subscribed for more videos like this. #276,11,3,727,0
Thanks for the helpful content. #277,5,3,3852,0
Your videos are always on point. #278,9,5,212,0
Love your editing style. #279,9,2,380,0
Check out my channel for giveaways! #280,7,3,3616,1
Thanks for the helpful content. #281,9,4,1849,0
Learned something new today. #282,7,3,1431,0
Keep up the great work! #283,14,3,2785,0
Can someone explain this part? #284,15,3,1518,0
Can someone explain this part? #285,4,0,707,0
Love your editing style. #286,10,0,2879,0
This deserves more views. #287,11,3,369,0
"Secret hack to gain views, click now! #288",12,6,3242,1
"Great video, very informative. #289",8,6,140,0
Keep up the great work! #290,12,2,2338,0
Love your editing style. #291,10,5,3997,0
"Great video, very informative. #292",15,2,1241,0
Learned something new today. #293,3,3,3957,0
I didn’t expect that ending! #294,5,0,2448,0
Love your editing style. #295,10,2,3459,0
"Join my crypto course, limited offer! #296",7,4,3374,1
Thanks for the helpful content. #297,8,3,1750,0
This deserves more views. #298,15,6,1852,0
Can someone explain this part? #299,12,4,2681,0
Thanks for the helpful content. #300,15,4,2526,0
Can someone explain this part? #301,4,5,1759,0
Learned something new today. #302,11,5,3518,0
Can someone explain this part? #303,8,0,1925,0
"Secret hack to gain views, click now! #304",9,4,2938,1
"Great video, very informative. #305",5,2,1441,0
Subscribed for more videos like this. #306,10,3,1391,0
I didn’t expect that ending! #307,13,5,3412,0
Thanks for the helpful content. #308,7,2,1973,0
Love your editing style. #309,10,3,1382,0
Keep up the great work! #310,4,2,3148,0
Thanks for the helpful content. #311,8,6,685,0
"Buy followers, boost your channel! #312",10,1,2226,1
Your videos are always on point. #313,10,2,379,0
Keep up the great work! #314,17,3,2400,0
This deserves more views. #315,16,4,2942,0
Learned something new today. #316,10,1,1173,0
Subscribed for more videos like this. #317,4,2,1034,0
Can someone explain this part? #318,12,2,427,0
"Great video, very informative. #319",11,2,675,0
"Join my crypto course, limited offer! #320",9,3,3298,1
This deserves more views. #321,14,3,442,0
Subscribed for more videos like this. #322,7,0,3540,0
Can someone explain this part? #323,17,5,66,0
This deserves more views. #324,13,4,2264,0
I didn’t expect that ending! #325,8,4,449,0
Thanks for the helpful content. #326,12,0,2802,0
Thanks for the helpful content. #327,11,3,1513,0
"Get free subscribers instantly, click now! #328",14,4,3211,1
This deserves more views. #329,11,2,2264,0
"Great video, very informative. #330",9,1,2548,0
Thanks for the helpful content. #331,10,2,1131,0
Learned something new today. #332,11,4,2013,0
Keep up the great work! #333,11,3,1992,0
This deserves more views. #334,15,2,1427,0
Your videos are always on point. #335,11,2,839,0
"Get free subscribers instantly, click now! #336",8,3,2407,1
Love your editing style. #337,10,2,3226,0
This deserves more views. #338,8,3,3417,0
"Great video, very informative. #339",10,1,987,0
Learned something new today. #340,15,5,349,0
"Great video, very informative. #341",8,1,2552,0
Subscribed for more videos like this. #342,11,3,3590,0
Love your editing style. #343,5,3,2903,0
"Join my crypto course, limited offer! #344",9,2,543,1
Can someone explain this part? #345,6,2,363,0
Keep up the great work! #346,6,3,1124,0
"Great video, very informative. #347",10,4,2542,0
Love your editing style. #348,12,3,3477,0
Thanks for the helpful content. #349,9,0,753,0
This deserves more views. #350,9,2,37,0
Your videos are always on point. #351,12,1,1749,0
Subscribe to my channel and win a prize! #352,17,1,2033,1
Love your editing style. #353,8,3,193,0
Your videos are always on point. #354,3,2,810,0
Learned something new today. #355,10,2,1348,0
I didn’t expect that ending! #356,14,3,2435,0
Keep up the great work! #357,13,2,2158,0
Your videos are always on point. #358,9,3,2851,0
Your videos are always on point. #359,12,3,1328,0
"Join my crypto course, limited offer! #360",9,2,950,1
Love your editing style. #361,7,4,2976,0
Learned something new today. #362,12,2,1670,0
Subscribed for more videos like this. #363,10,3,1874,0
Thanks for the helpful content. #364,11,2,3641,0
Your videos are always on point. #365,10,2,2999,0
Learned something new today. #366,10,2,3148,0
"Great video, very informative. #367",12,3,3493,0
"Get free subscribers instantly, click now! #368",9,3,2902,1
Can someone explain this part? #369,7,3,1620,0
I didn’t expect that ending! #370,4,2,3095,0
Subscribed for more videos like this. #371,11,3,1132,0
Your videos are always on point. #372,8,1,3614,0
Learned something new today. #373,8,4,709,0
Love your editing style. #374,10,4,3124,0
Learned something new today. #375,13,2,1281,0
Don't miss this spam deal! #376,13,1,467,1
This deserves more views. #377,6,3,3399,0
"Great video, very informative. #378",16,3,975,0
Your videos are always on point. #379,11,2,1313,0
Love your editing style. #380,6,4,2853,0
Your videos are always on point. #381,6,4,2753,0
Keep up the great work! #382,5,2,39,0
This deserves more views. #383,9,4,3729,0
"Secret hack to gain views, click now! #384",7,3,187,1
"Great video, very informative. #385",8,1,2945,0
"Great video, very informative. #386",10,4,2861,0
Keep up the great work! #387,8,0,1211,0
This deserves more views. #388,12,5,2397,0
"Great video, very informative. #389",11,1,3977,0
I didn’t expect that ending! #390,6,4,1255,0
I didn’t expect that ending! #391,8,2,150,0
"Buy followers, boost your channel! #392",9,1,2216,1
Keep up the great work! #393,8,5,703,0
Keep up the great work! #394,7,3,3821,0
This deserves more views. #395,10,2,3668,0
I didn’t expect that ending! #396,10,2,3440,0
Can someone explain this part? #397,8,7,2057,0
Subscribed for more videos like this. #398,13,4,1313,0
I didn’t expect that ending! #399,7,2,1486,0
"Secret hack to gain views, click now! #400",13,0,73,1
Learned something new today. #401,8,2,3260,0
Thanks for the helpful content. #402,11,1,845,0
Subscribed for more videos like this. #403,15,2,1408,0
Thanks for the helpful content. #404,12,3,127,0
Can someone explain this part? #405,10,3,3639,0
Love your editing style. #406,13,3,1924,0
Love your editing style. #407,11,4,3811,0
Earn money by clicking this link! #408,6,1,3710,1
Keep up the great work! #409,5,4,2316,0
Learned something new today. #410,4,4,504,0
Subscribed for more videos like this. #411,9,2,2601,0
Learned something new today. #412,11,4,2634,0
Learned something new today. #413,3,6,1445,0
Love your editing style. #414,4,6,38,0
"Great video, very informative. #415",10,2,1566,0
Don't miss this spam deal! #416,9,2,1442,1
Your videos are always on point. #417,9,0,1892,0
This deserves more views. #418,7,3,1263,0
Can someone explain this part? #419,12,1,3155,0
Subscribed for more videos like this. #420,7,5,645,0
Keep up the great work! #421,10,5,2229,0
Keep up the great work! #422,5,3,2487,0
"Great video, very informative. #423",8,2,39,0
Click here to get rich quick! #424,10,3,3034,1
This deserves more views. #425,9,4,581,0
This deserves more views. #426,12,2,2633,0
I didn’t expect that ending! #427,11,3,909,0
Subscribed for more videos like this. #428,11,2,297,0
Your videos are always on point. #429,9,2,3091,0
Learned something new today. #430,12,1,3891,0
Subscribed for more videos like this. #431,9,1,2744,0
"Free gifts for subscribers, link below! #432",11,5,480,1
I didn’t expect that ending! #433,11,2,2671,0
I didn’t expect that ending! #434,7,5,3298,0
Can someone explain this part? #435,9,2,2475,0
"Great video, very informative. #436",11,1,2998,0
Love your editing style. #437,10,5,3153,0
I didn’t expect that ending! #438,4,4,3836,0
Can someone explain this part? #439,12,3,3570,0
Check out my channel for giveaways! #440,9,1,1421,1
I didn’t expect that ending! #441,13,6,3475,0
I didn’t expect that ending! #442,11,2,1112,0
I didn’t expect that ending! #443,9,3,323,0
I didn’t expect that ending! #444,15,0,2865,0
I didn’t expect that ending! #445,16,3,3947,0
This deserves more views. #446,2,4,3889,0
Can someone explain this part? #447,8,4,981,0
Subscribe to my channel and win a prize! #448,9,4,898,1
"Great video, very informative. #449",10,0,139,0
I didn’t expect that ending! #450,13,4,1595,0
Can someone explain this part? #451,7,5,2184,0
Love your editing style. #452,8,3,1042,0
Subscribed for more videos like this. #453,10,2,2374,0
Love your editing style. #454,9,3,3953,0
Keep up the great work! #455,20,5,2916,0
Earn money by clicking this link! #456,13,0,1884,1
Learned something new today. #457,9,4,2018,0
"Great video, very informative. #458",7,1,3196,0
Love your editing style. #459,12,6,3898,0
"Great video, very informative. #460",9,3,3820,0
Keep up the great work! #461,5,4,3062,0
Your videos are always on point. #462,6,1,874,0
This deserves more views. #463,14,4,1737,0
"Join my crypto course, limited offer! #464",9,6,3573,1
Thanks for the helpful content. #465,8,2,2156,0
Can someone explain this part? #466,7,6,2037,0
Keep up the great work! #467,5,4,1303,0
This deserves more views. #468,10,4,2807,0
This deserves more views. #469,9,3,368,0
I didn’t expect that ending! #470,9,3,2134,0
This deserves more views. #471,14,2,2997,0
"Buy followers, boost your channel! #472",4,3,176,1
Keep up the great work! #473,11,3,775,0
Keep up the great work! #474,13,3,1070,0
This deserves more views. #475,11,2,2445,0
Your videos are always on point. #476,18,2,2786,0
I didn’t expect that ending! #477,11,5,1242,0
Can someone explain this part? #478,12,1,3745,0
This deserves more views. #479,9,2,2325,0
Subscribe to my channel and win a prize! #480,11,6,2227,1
Can someone explain this part? #481,7,4,743,0
Your videos are always on point. #482,9,1,3314,0
Can someone explain this part? #483,10,3,2294,0
Love your editing style. #484,7,3,3107,0
Thanks for the helpful content. #485,14,2,2747,0
Love your editing style. #486,6,1,2938,0
Keep up the great work! #487,7,4,1640,0
"Join my crypto course, limited offer! #488",9,5,1448,1
Thanks for the helpful content. #489,11,2,1816,0
Thanks for the helpful content. #490,12,1,333,0
Your videos are always on point. #491,10,4,1611,0
Thanks for the helpful content. #492,11,3,3512,0
Love your editing style. #493,11,5,2480,0
This deserves more views. #494,6,2,1907,0
"Great video, very informative. #495",13,1,2937,0
"Free gifts for subscribers, link below! #496",7,2,3928,1
Keep up the great work! #497,9,1,409,0
Learned something new today. #498,12,7,2529,0
I didn’t expect that ending! #499,13,2,3330,0
This deserves more views. #500,8,6,723,0
"Great video, very informative. #501",8,3,3606,0
I didn’t expect that ending! #502,8,1,1648,0
Can someone explain this part? #503,9,4,2222,0
Check out my channel for giveaways! #504,11,7,79,1
Subscribed for more videos like this. #505,7,0,1477,0
Can someone explain this part? #506,8,5,3201,0
Subscribed for more videos like this. #507,5,3,2420,0
Subscribed for more videos like this. #508,5,5,2959,0
Can someone explain this part? #509,12,3,1785,0
Keep up the great work! #510,14,2,3752,0
Subscribed for more videos like this. #511,8,3,2967,0
Subscribe to my channel and win a prize! #512,6,2,3627,1
Thanks for the helpful content. #513,11,5,3114,0
Your videos are always on point. #514,12,3,1909,0
Subscribed for more videos like this. #515,15,4,2839,0
"Great video, very informative. #516",7,2,877,0
Subscribed for more videos like this. #517,10,1,3001,0
Can someone explain this part? #518,8,5,1225,0
Subscribed for more videos like this. #519,5,4,1542,0
"Buy followers, boost your channel! #520",10,5,3932,1
Love your editing style. #521,14,5,1412,0
Learned something new today. #522,10,3,3207,0
Learned something new today. #523,7,5,2266,0
"Great video, very informative. #524",13,2,1582,0
Learned something new today. #525,7,1,3151,0
Learned something new today. #526,9,3,3350,0
Love your editing style. #527,5,6,2487,0
"Join my crypto course, limited offer! #528",9,4,3492,1
"Great video, very informative. #529",16,1,3480,0
I didn’t expect that ending! #530,14,6,256,0
Subscribed for more videos like this. #531,9,3,3692,0
Love your editing style. #532,5,2,1837,0
Thanks for the helpful content. #533,8,0,242,0
Keep up the great work! #534,13,4,3630,0
"Great video, very informative. #535",6,1,3082,0
Earn money by clicking this link! #536,10,4,3447,1
"Great video, very informative. #537",10,2,448,0
Learned something new today. #538,12,6,3864,0
Love your editing style. #539,7,2,1905,0
Can someone explain this part? #540,9,2,3185,0
This deserves more views. #541,6,6,948,0
This deserves more views. #542,8,5,3298,0
I didn’t expect that ending! #543,11,1,806,0
Don't miss this spam deal! #544,3,4,1583,1
Can someone explain this part? #545,14,1,2298,0
This deserves more views. #546,18,4,3944,0
Subscribed for more videos like this. #547,8,3,3848,0
Keep up the great work! #548,12,3,205,0
I didn’t expect that ending! #549,11,3,2661,0
"Great video, very informative. #550",12,1,3704,0
I didn’t expect that ending! #551,13,3,1375,0
"Buy followers, boost your channel! #552",9,2,564,1
Thanks for the helpful content. #553,11,3,2802,0
Thanks for the helpful content. #554,9,3,1447,0
I didn’t expect that ending! #555,8,1,1859,0
"Great video, very informative. #556",6,3,1693,0
This deserves more views. #557,9,4,3672,0
Your videos are always on point. #558,7,3,353,0
Thanks for the helpful content. #559,8,4,114,0
"Buy followers, boost your channel! #560",3,4,3097,1
Thanks for the helpful content. #561,11,2,3842,0
Learned something new today. #562,8,2,916,0
Keep up the great work! #563,6,0,3528,0
Learned something new today. #564,10,2,3369,0
Love your editing style. #565,8,4,141,0
"Great video, very informative. #566",7,3,2705,0
Subscribed for more videos like this. #567,11,2,978,0
Earn money by clicking this link! #568,11,6,2827,1
"Great video, very informative. #569",6,1,1451,0
I didn’t expect that ending! #570,4,2,81,0
Keep up the great work! #571,11,6,2161,0
Love your editing style. #572,20,1,3724,0
This deserves more views. #573,15,2,2789,0
Keep up the great work! #574,16,5,2808,0
Subscribed for more videos like this. #575,13,3,770,0
Don't miss this spam deal! #576,14,7,2906,1
Learned something new today. #577,9,2,454,0
"Great video, very informative. #578",13,2,1074,0
"Great video, very informative. #579",9,1,1741,0
This deserves more views. #580,13,0,85,0
This deserves more views. #581,9,2,3392,0
Subscribed for more videos like this. #582,7,2,2889,0
Subscribed for more videos like this. #583,14,4,836,0
Subscribe to my channel and win a prize! #584,13,1,3086,1
Subscribed for more videos like this. #585,11,6,684,0
Subscribed for more videos like this. #586,12,3,1036,0
Thanks for the helpful content. #587,6,6,937,0
Your videos are always on point. #588,13,5,3474,0
Can someone explain this part? #589,14,1,3839,0
Your videos are always on point. #590,9,3,37,0
Subscribed for more videos like this. #591,8,5,2201,0
"Secret hack to gain views, click now! #592",12,1,1811,1
Your videos are always on point. #593,7,4,1154,0
Keep up the great work! #594,13,3,1019,0
Keep up the great work! #595,10,1,2912,0
Can someone explain this part? #596,10,2,3963,0
Can someone explain this part? #597,8,3,3194,0
"Great video, very informative. #598",14,2,3486,0
I didn’t expect that ending! #599,12,3,2843,0
"Join my crypto course, limited offer! #600",13,3,1133,1
Learned something new today. #601,8,3,3399,0
I didn’t expect that ending! #602,12,3,2108,0
Can someone explain this part? #603,11,2,407,0
This deserves more views. #604,7,1,2407,0
Your videos are always on point. #605,8,1,1979,0
Thanks for the helpful content. #606,10,4,1352,0
Subscribed for more videos like this. #607,16,2,311,0
Click here to get rich quick! #608,9,1,1065,1
Love your editing style. #609,13,2,668,0
Thanks for the helpful content. #610,12,4,2949,0
Love your editing style. #611,14,1,2776,0
Can someone explain this part? #612,16,4,98,0
Thanks for the helpful content. #613,10,3,2918,0
Learned something new today. #614,11,3,3624,0
Your videos are always on point. #615,20,2,1868,0
"Join my crypto course, limited offer! #616",7,1,2100,1
This deserves more views. #617,10,3,366,0
Your videos are always on point. #618,9,0,2504,0
Subscribed for more videos like this. #619,10,2,2922,0
Thanks for the helpful content. #620,9,4,2286,0
Learned something new today. #621,15,1,244,0
Thanks for the helpful content. #622,7,0,664,0
Love your editing style. #623,7,0,452,0
Earn money by clicking this link! #624,12,4,2150,1
This deserves more views. #625,13,1,3823,0
Keep up the great work! #626,10,3,2900,0
Subscribed for more videos like this. #627,11,4,815,0
Can someone explain this part? #628,12,1,3707,0
Your videos are always on point. #629,10,3,967,0
Learned something new today. #630,8,2,1801,0
Can someone explain this part? #631,6,3,1719,0
"Buy followers, boost your channel! #632",10,2,1327,1
Learned something new today. #633,9,2,3826,0
Keep up the great work! #634,2,2,3741,0
This deserves more views. #635,8,2,1286,0
Learned something new today. #636,14,4,3142,0
Love your editing style. #637,11,3,2366,0
Your videos are always on point. #638,10,2,2632,0
This deserves more views. #639,11,3,3371,0
Check out my channel for giveaways! #640,7,4,468,1
I didn’t expect that ending! #641,11,4,1367,0
This deserves more views. #642,9,3,1563,0
"Great video, very informative. #643",7,5,1447,0
Thanks for the helpful content. #644,11,0,2105,0
I didn’t expect that ending! #645,9,1,299,0
Thanks for the helpful content. #646,7,2,1520,0
Subscribed for more videos like this. #647,6,4,1975,0
Subscribe to my channel and win a prize! #648,12,3,2151,1
Thanks for the helpful content. #649,7,4,1710,0
Keep up the great work! #650,10,2,703,0
Keep up the great work! #651,9,0,2323,0
Thanks for the helpful content. #652,12,1,3883,0
"Great video, very informative. #653",6,4,439,0
This deserves more views. #654,8,2,2575,0
"Great video, very informative. #655",8,3,1471,0
"Get free subscribers instantly, click now! #656",9,6,3089,1
Subscribed for more videos like this. #657,9,3,2288,0
Thanks for the helpful content. #658,8,2,821,0
Learned something new today. #659,9,2,1276,0
Subscribed for more videos like this. #660,8,2,389,0
Learned something new today. #661,14,5,611,0
"Great video, very informative. #662",9,3,1073,0
Subscribed for more videos like this. #663,5,1,452,0
Subscribe to my channel and win a prize! #664,17,5,150,1
Can someone explain this part? #665,4,3,2250,0
I didn’t expect that ending! #666,10,3,63,0
Your videos are always on point. #667,9,2,2995,0
Keep up the great work! #668,9,2,100,0
Keep up the great work! #669,6,4,574,0
Love your editing style. #670,12,3,2851,0
Thanks for the helpful content. #671,10,6,2861,0
"Secret hack to gain views, click now! #672",11,0,997,1
Learned something new today. #673,6,3,3722,0
Learned something new today. #674,7,4,564,0
Can someone explain this part? #675,9,2,3759,0
Learned something new today. #676,10,2,43,0
This deserves more views. #677,10,2,1359,0
Your videos are always on point. #678,7,2,3930,0
Keep up the great work! #679,8,1,3649,0
Earn money by clicking this link! #680,8,5,300,1
This deserves more views. #681,7,2,1826,0
Keep up the great work! #682,9,2,3154,0
Subscribed for more videos like this. #683,10,1,1547,0
"Great video, very informative. #684",7,6,1613,0
Thanks for the helpful content. #685,11,2,492,0
Thanks for the helpful content. #686,7,2,552,0
"Great video, very informative. #687",4,3,2847,0
Click here to get rich quick! #688,10,5,884,1
Thanks for the helpful content. #689,17,1,2869,0
I didn’t expect that ending! #690,5,6,2075,0
Keep up the great work! #691,12,5,3823,0
This deserves more views. #692,9,6,3425,0
Love your editing style. #693,12,5,3948,0
Subscribed for more videos like this. #694,13,3,3625,0
Thanks for the helpful content. #695,8,3,472,0
"Get free subscribers instantly, click now! #696",10,2,2328,1
Can someone explain this part? #697,9,3,3936,0
I didn’t expect that ending! #698,8,6,2237,0
This deserves more views. #699,10,5,2113,0
Learned something new today. #700,10,2,3762,0
I didn’t expect that ending! #701,11,1,2957,0
Keep up the great work! #702,9,7,1251,0
Keep up the great work! #703,4,4,3551,0
"Buy followers, boost your channel! #704",6,2,3479,1
This deserves more views. #705,7,3,3347,0
"Great video, very informative. #706",11,5,2470,0
Subscribed for more videos like this. #707,10,2,1257,0
Can someone explain this part? #708,6,2,2121,0
Love your editing style. #709,7,3,2392,0
Keep up the great work! #710,11,5,437,0
Your videos are always on point. #711,8,3,924,0
Don't miss this spam deal! #712,13,3,3932,1
Keep up the great work! #713,5,2,2283,0
Your videos are always on point. #714,11,4,1294,0
Can someone explain this part? #715,12,7,2118,0
Learned something new today. #716,9,1,2665,0
Subscribed for more videos like this. #717,8,3,2040,0
Thanks for the helpful content. #718,7,3,2791,0
Love your editing style. #719,8,3,1416,0
"Secret hack to gain views, click now! #720",7,2,927,1
This deserves more views. #721,6,1,124,0
Subscribed for more videos like this. #722,13,4,569,0
Subscribed for more videos like this. #723,10,4,3245,0
Your videos are always on point. #724,12,6,2136,0
Learned something new today. #725,8,3,3742,0
Subscribed for more videos like this. #726,16,3,2931,0
Subscribed for more videos like this. #727,9,3,538,0
Click here to get rich quick! #728,5,3,2590,1
Can someone explain this part? #729,7,6,2876,0
Love your editing style. #730,9,5,1075,0
Subscribed for more videos like this. #731,12,5,767,0
Thanks for the helpful content. #732,11,3,1257,0
Keep up the great work! #733,11,4,2776,0
Keep up the great work! #734,12,2,2964,0
Thanks for the helpful content. #735,12,1,500,0
"Join my crypto course, limited offer! #736",11,1,313,1
"Great video, very informative. #737",14,3,401,0
Learned something new today. #738,11,0,1551,0
Keep up the great work! #739,11,4,3433,0
Can someone explain this part? #740,15,2,3128,0
I didn’t expect that ending! #741,7,6,2932,0
"Great video, very informative. #742",12,4,2206,0
This deserves more views. #743,11,2,1433,0
"Join my crypto course, limited offer! #744",11,5,536,1
Thanks for the helpful content. #745,13,1,3976,0
I didn’t expect that ending! #746,8,7,3999,0
Your videos are always on point. #747,13,2,1148,0
Can someone explain this part? #748,9,1,607,0
Thanks for the helpful content. #749,10,5,1230,0
"Great video, very informative. #750",13,3,2550,0
Learned something new today. #751,12,1,3587,0
"Get free subscribers instantly, click now! #752",8,6,1037,1
Keep up the great work! #753,11,5,3376,0
Love your editing style. #754,13,4,697,0
Thanks for the helpful content. #755,17,4,1476,0
Learned something new today. #756,8,3,3632,0
Thanks for the helpful content. #757,5,4,3996,0
"Great video, very informative. #758",13,2,1937,0
Learned something new today. #759,7,3,2397,0
"Buy followers, boost your channel! #760",11,0,2135,1
Your videos are always on point. #761,8,3,302,0
I didn’t expect that ending! #762,10,3,1251,0
Subscribed for more videos like this. #763,8,2,3180,0
"Great video, very informative. #764",4,3,3059,0
Thanks for the helpful content. #765,8,3,70,0
Can someone explain this part? #766,10,1,767,0
This deserves more views. #767,13,1,1826,0
Earn money by clicking this link! #768,16,1,1298,1
Thanks for the helpful content. #769,10,2,3124,0
Learned something new today. #770,8,2,738,0
Subscribed for more videos like this. #771,8,1,2313,0
Thanks for the helpful content. #772,13,3,155,0
This deserves more views. #773,12,3,807,0
Thanks for the helpful content. #774,11,0,865,0
Keep up the great work! #775,11,2,2217,0
Check out my channel for giveaways! #776,12,2,908,1
Your videos are always on point. #777,9,6,423,0
Can someone explain this part? #778,6,4,857,0
"Great video, very informative. #779",8,2,2204,0
Subscribed for more videos like this. #780,11,5,3899,0
Thanks for the helpful content. #781,6,2,3215,0
Your videos are always on point. #782,8,5,1973,0
"Great video, very informative. #783",14,3,866,0
"Buy followers, boost your channel! #784",8,2,554,1
Thanks for the helpful content. #785,7,2,1281,0
Your videos are always on point. #786,10,4,3622,0
Learned something new today. #787,8,3,175,0
"Great video, very informative. #788",10,4,3264,0
Your videos are always on point. #789,14,7,764,0
I didn’t expect that ending! #790,9,4,2805,0
I didn’t expect that ending! #791,15,5,1953,0
"Buy followers, boost your channel! #792",7,1,198,1
Subscribed for more videos like this. #793,16,2,1591,0
I didn’t expect that ending! #794,11,4,1178,0
Thanks for the helpful content. #795,9,0,329,0
Your videos are always on point. #796,17,3,3351,0
Can someone explain this part? #797,6,1,967,0
Subscribed for more videos like this. #798,9,2,551,0
Can someone explain this part? #799,9,2,2182,0
"Secret hack to gain views, click now! #800",13,3,647,1
Keep up the great work! #801,8,3,998,0
Can someone explain this part? #802,14,3,3614,0
Can someone explain this part? #803,8,3,1747,0
"Great video, very informative. #804",4,2,1965,0
"Great video, very informative. #805",9,3,535,0
Keep up the great work! #806,6,1,331,0
Learned something new today. #807,22,3,682,0
Don't miss this spam deal! #808,7,3,3331,1
Love your editing style. #809,10,5,93,0
Your videos are always on point. #810,7,6,2667,0
"Great video, very informative. #811",9,1,2309,0
Learned something new today. #812,18,2,1652,0
Subscribed for more videos like this. #813,9,5,3284,0
Subscribed for more videos like this. #814,12,3,348,0
Keep up the great work! #815,8,3,1711,0
"Buy followers, boost your channel! #816",11,3,858,1
I didn’t expect that ending! #817,10,0,121,0
Subscribed for more videos like this. #818,10,0,3736,0
This deserves more views. #819,10,1,3889,0
"Great video, very informative. #820",11,3,990,0
Learned something new today. #821,11,4,93,0
Subscribed for more videos like this. #822,11,3,873,0
Learned something new today. #823,9,2,248,0
"Join my crypto course, limited offer! #824",9,3,733,1
Subscribed for more videos like this. #825,8,1,648,0
Keep up the great work! #826,7,1,1962,0
"Great video, very informative. #827",13,1,276,0
Keep up the great work! #828,5,3,993,0
"Great video, very informative. #829",9,3,1526,0
Thanks for the helpful content. #830,8,3,1043,0
Your videos are always on point. #831,14,5,86,0
Don't miss this spam deal! #832,13,5,1098,1
Love your editing style. #833,11,5,3989,0
This deserves more views. #834,15,3,1139,0
Can someone explain this part? #835,8,1,2058,0
Keep up the great work! #836,11,2,1091,0
Can someone explain this part? #837,9,2,2259,0
Your videos are always on point. #838,16,0,2241,0
Thanks for the helpful content. #839,12,2,786,0
"Free gifts for subscribers, link below! #840",5,2,1888,1
Keep up the great work! #841,6,1,1942,0
Can someone explain this part? #842,10,2,155,0
I didn’t expect that ending! #843,7,2,3308,0
Thanks for the helpful content. #844,8,4,296,0
Love your editing style. #845,14,1,2431,0
Keep up the great work! #846,9,7,3512,0
Subscribed for more videos like this. #847,12,5,1652,0
Earn money by clicking this link! #848,10,2,1710,1
This deserves more views. #849,5,1,3223,0
This deserves more views. #850,11,2,1561,0
"Great video, very informative. #851",18,4,2036,0
"Great video, very informative. #852",10,1,639,0
This deserves more views. #853,10,3,498,0
Subscribed for more videos like this. #854,14,8,830,0
Thanks for the helpful content. #855,9,2,162,0
Don't miss this spam deal! #856,9,3,3480,1
I didn’t expect that ending! #857,9,2,3089,0
Keep up the great work! #858,14,2,2926,0
"Great video, very informative. #859",10,4,1049,0
Thanks for the helpful content. #860,8,9,347,0
Your videos are always on point. #861,8,3,1630,0
"Great video, very informative. #862",6,5,740,0
Can someone explain this part? #863,15,3,3226,0
Earn money by clicking this link! #864,11,1,480,1
"Great video, very informative. #865",6,2,1911,0
This deserves more views. #866,6,2,1773,0
This deserves more views. #867,10,5,3309,0
Subscribed for more videos like this. #868,9,5,1353,0
Can someone explain this part? #869,7,2,3590,0
This deserves more views. #870,12,2,2710,0
Love your editing style. #871,15,6,171,0
Click here to get rich quick! #872,10,2,3081,1
I didn’t expect that ending! #873,14,6,1527,0
Can someone explain this part? #874,13,3,2936,0
I didn’t expect that ending! #875,12,2,598,0
"Great video, very informative. #876",7,3,2381,0
Keep up the great work! #877,10,2,2734,0
Love your editing style. #878,13,5,1609,0
Thanks for the helpful content. #879,10,1,2721,0
Click here to get rich quick! #880,13,4,2670,1
This deserves more views. #881,15,4,1918,0
Learned something new today. #882,13,5,59,0
Learned something new today. #883,12,4,3478,0
Keep up the great work! #884,8,3,3442,0
This deserves more views. #885,14,3,3310,0
Love your editing style. #886,15,2,1296,0
I didn’t expect that ending! #887,15,1,724,0
Subscribe to my channel and win a prize! #888,12,2,187,1
Subscribed for more videos like this. #889,10,5,2223,0
Your videos are always on point. #890,15,4,369,0
Subscribed for more videos like this. #891,16,2,2943,0
Can someone explain this part? #892,13,3,1798,0
I didn’t expect that ending! #893,11,2,121,0
Thanks for the helpful content. #894,8,6,358,0
Keep up the great work! #895,12,4,201,0
Earn money by clicking this link! #896,10,6,2779,1
Keep up the great work! #897,12,3,3132,0
Thanks for the helpful content. #898,13,0,650,0
This deserves more views. #899,14,2,2349,0
Your videos are always on point. #900,14,5,1148,0
Keep up the great work! #901,9,4,1018,0
This deserves more views. #902,14,2,106,0
This deserves more views. #903,8,1,2228,0
Don't miss this spam deal! #904,11,4,171,1
I didn’t expect that ending! #905,12,6,260,0
Your videos are always on point. #906,9,8,1823,0
"Great video, very informative. #907",10,2,1961,0
I didn’t expect that ending! #908,5,1,983,0
Thanks for the helpful content. #909,8,3,2205,0
Learned something new today. #910,12,2,2937,0
Can someone explain this part? #911,12,4,1789,0
Don't miss this spam deal! #912,12,2,2773,1
Thanks for the helpful content. #913,14,6,2574,0
Can someone explain this part? #914,11,2,3381,0
Learned something new today. #915,9,0,1858,0
Your videos are always on point. #916,10,4,3642,0
This deserves more views. #917,17,3,2887,0
Can someone explain this part? #918,19,3,1583,0
Learned something new today. #919,12,1,2208,0
Earn money by clicking this link! #920,13,5,1514,1
This deserves more views. #921,5,4,298,0
I didn’t expect that ending! #922,8,2,2695,0
I didn’t expect that ending! #923,11,4,3770,0
Can someone explain this part? #924,10,4,991,0
Thanks for the helpful content. #925,11,2,1624,0
This deserves more views. #926,14,4,1657,0
Can someone explain this part? #927,6,3,1997,0
"Free gifts for subscribers, link below! #928",4,3,3361,1
Your videos are always on point. #929,7,1,1104,0
I didn’t expect that ending! #930,11,4,3234,0
Love your editing style. #931,8,3,1732,0
Keep up the great work! #932,9,2,2886,0
Your videos are always on point. #933,10,3,1058,0
Your videos are always on point. #934,7,3,677,0
Your videos are always on point. #935,6,2,767,0
Check out my channel for giveaways! #936,9,4,2579,1
Keep up the great work! #937,6,0,1237,0
Can someone explain this part? #938,13,1,2486,0
Subscribed for more videos like this. #939,9,4,3192,0
Your videos are always on point. #940,11,2,1489,0
Can someone explain this part? #941,10,5,849,0
I didn’t expect that ending! #942,11,3,932,0
Learned something new today. #943,9,6,2266,0
Click here to get rich quick! #944,12,3,1533,1
Keep up the great work! #945,10,3,1010,0
Your videos are always on point. #946,10,3,2892,0
Keep up the great work! #947,8,2,412,0
Thanks for the helpful content. #948,9,3,2927,0
Keep up the great work! #949,8,1,1375,0
Learned something new today. #950,12,5,1496,0
This deserves more views. #951,11,2,519,0
Click here to get rich quick! #952,13,0,1186,1
Learned something new today. #953,11,9,3785,0
Your videos are always on point. #954,8,3,455,0
Learned something new today. #955,6,5,2327,0
This deserves more views. #956,11,1,3162,0
Love your editing style. #957,8,4,2012,0
Learned something new today. #958,16,4,1615,0
This deserves more views. #959,6,3,3097,0
Click here to get rich quick! #960,10,4,1475,1
I didn’t expect that ending! #961,8,2,1529,0
Love your editing style. #962,11,3,3324,0
I didn’t expect that ending! #963,12,5,3539,0
Thanks for the helpful content. #964,11,2,2761,0
I didn’t expect that ending! #965,8,3,1437,0
Can someone explain this part? #966,6,2,2396,0
"Great video, very informative. #967",12,4,1049,0
"Buy followers, boost your channel! #968",5,1,2302,1
Thanks for the helpful content. #969,6,1,452,0
Love your editing style. #970,10,3,2985,0
Can someone explain this part? #971,6,2,1244,0
Learned something new today. #972,4,3,3972,0
I didn’t expect that ending! #973,11,5,1830,0
I didn’t expect that ending! #974,13,2,1809,0
I didn’t expect that ending! #975,13,1,2156,0
Subscribe to my channel and win a prize! #976,11,4,884,1
Thanks for the helpful content. #977,7,3,3081,0
Learned something new today. #978,8,6,394,0
"Great video, very informative. #979",15,3,2099,0
Thanks for the helpful content. #980,13,4,577,0
Your videos are always on point. #981,6,1,2407,0
Can someone explain this part? #982,9,6,3257,0
Keep up the great work! #983,13,4,2133,0
"Join my crypto course, limited offer! #984",6,4,3968,1
I didn’t expect that ending! #985,7,4,1301,0
"Great video, very informative. #986",15,4,954,0
"Great video, very informative. #987",12,1,290,0
Can someone explain this part? #988,8,2,3873,0
Love your editing style. #989,10,5,464,0
"Great video, very informative. #990",9,2,3628,0
Keep up the great work! #991,7,5,3579,0
Earn money by clicking this link! #992,13,2,3801,1
Keep up the great work! #993,8,0,2615,0
Subscribed for more videos like this. #994,13,3,564,0
Love your editing style. #995,7,4,410,0
I didn’t expect that ending! #996,12,1,2180,0
I didn’t expect that ending! #997,11,1,58,0
This deserves more views. #998,9,4,3955,0
Keep up the great work! #999,11,3,1536,0
